00:00 +0: loading C:/Users/betoq/AppData/Local/Temp/dopmi-parity-20260930/mobile/test/access_press_test.dart
00:00 +0: C:/Users/betoq/AppData/Local/Temp/dopmi-parity-20260930/mobile/test/account_photo_repository_test.dart: lost save response reads the same private path without uploading or posting again
00:00 +1: C:/Users/betoq/AppData/Local/Temp/dopmi-parity-20260930/mobile/test/account_photo_repository_test.dart: missing receipt and SQL rejection never claim the photo was saved
00:00 +2: C:/Users/betoq/AppData/Local/Temp/dopmi-parity-20260930/mobile/test/account_photo_repository_test.dart: foreign paths and a session switch discard pending private results
00:08 +3: C:/Users/betoq/AppData/Local/Temp/dopmi-parity-20260930/mobile/test/access_press_test.dart: access route /welcome keeps color while held and navigates on release
00:11 +4: C:/Users/betoq/AppData/Local/Temp/dopmi-parity-20260930/mobile/test/access_press_test.dart: access route /welcome keeps color while held and navigates on release
00:11 +5: C:/Users/betoq/AppData/Local/Temp/dopmi-parity-20260930/mobile/test/access_press_test.dart: access route /welcome keeps color while held and navigates on release
00:12 +6: C:/Users/betoq/AppData/Local/Temp/dopmi-parity-20260930/mobile/test/access_press_test.dart: access route /welcome keeps color while held and navigates on release
00:12 +7: C:/Users/betoq/AppData/Local/Temp/dopmi-parity-20260930/mobile/test/account_photo_widgets_test.dart: private photo preview waits for save and retries the same upload
00:12 +8: C:/Users/betoq/AppData/Local/Temp/dopmi-parity-20260930/mobile/test/account_photo_widgets_test.dart: private photo preview waits for save and retries the same upload
00:12 +9: C:/Users/betoq/AppData/Local/Temp/dopmi-parity-20260930/mobile/test/account_photo_widgets_test.dart: private photo preview waits for save and retries the same upload
00:12 +10: C:/Users/betoq/AppData/Local/Temp/dopmi-parity-20260930/mobile/test/account_photo_widgets_test.dart: private photo preview waits for save and retries the same upload
00:12 +11: C:/Users/betoq/AppData/Local/Temp/dopmi-parity-20260930/mobile/test/account_photo_widgets_test.dart: private photo preview waits for save and retries the same upload
00:13 +12: C:/Users/betoq/AppData/Local/Temp/dopmi-parity-20260930/mobile/test/account_photo_widgets_test.dart: private photo preview waits for save and retries the same upload
00:14 +13: C:/Users/betoq/AppData/Local/Temp/dopmi-parity-20260930/mobile/test/account_photo_widgets_test.dart: private photo preview waits for save and retries the same upload
00:14 +14: C:/Users/betoq/AppData/Local/Temp/dopmi-parity-20260930/mobile/test/adoption_detail_layout_test.dart: saved detail favorite carries reference shadow and removes it on unsave
00:14 +15: C:/Users/betoq/AppData/Local/Temp/dopmi-parity-20260930/mobile/test/adoption_detail_layout_test.dart: saved detail favorite carries reference shadow and removes it on unsave
00:14 +16: C:/Users/betoq/AppData/Local/Temp/dopmi-parity-20260930/mobile/test/adopt_start_dialog_test.dart: large text scrolls to confirmation with close always reachable
00:14 +17: C:/Users/betoq/AppData/Local/Temp/dopmi-parity-20260930/mobile/test/adoption_detail_layout_test.dart: adoption actions match rendered reference bottom gap and stay fixed on scroll: 0.0
00:15 +18: C:/Users/betoq/AppData/Local/Temp/dopmi-parity-20260930/mobile/test/adoption_detail_layout_test.dart: adoption actions match rendered reference bottom gap and stay fixed on scroll: 24.0
00:15 +19: C:/Users/betoq/AppData/Local/Temp/dopmi-parity-20260930/mobile/test/adoption_detail_layout_test.dart: detail carries server-calculated discovery distance without fabricating it
00:15 +20: C:/Users/betoq/AppData/Local/Temp/dopmi-parity-20260930/mobile/test/adoption_detail_layout_test.dart: badge requires server verification and care remains accessible
00:15 +21: C:/Users/betoq/AppData/Local/Temp/dopmi-parity-20260930/mobile/test/adoption_detail_layout_test.dart: real gallery tracks swipes and retries only approved photo paths
00:16 +22: C:/Users/betoq/AppData/Local/Temp/dopmi-parity-20260930/mobile/test/auth_sheet_test.dart: access primary keeps reference color while held and acts once on release
00:16 +23: C:/Users/betoq/AppData/Local/Temp/dopmi-parity-20260930/mobile/test/auth_sheet_test.dart: access primary keeps reference color while held and acts once on release
00:17 +24: C:/Users/betoq/AppData/Local/Temp/dopmi-parity-20260930/mobile/test/auth_sheet_test.dart: auth sheet scrolls with keyboard and 200% text without losing input, AuthFormMode.login
00:17 +25: C:/Users/betoq/AppData/Local/Temp/dopmi-parity-20260930/mobile/test/auth_sheet_test.dart: auth sheet scrolls with keyboard and 200% text without losing input, AuthFormMode.signup
00:17 +26: C:/Users/betoq/AppData/Local/Temp/dopmi-parity-20260930/mobile/test/case_gallery_lifecycle_test.dart: case gallery preserves refresh and resets on another case or photos
00:19 +27: C:/Users/betoq/AppData/Local/Temp/dopmi-parity-20260930/mobile/test/case_need_dialog_test.dart: medicine validates exact cents and remains usable at enlarged text
00:20 +28: C:/Users/betoq/AppData/Local/Temp/dopmi-parity-20260930/mobile/test/case_need_dialog_test.dart: veterinary validates exact cents and remains usable at enlarged text
00:20 +29: C:/Users/betoq/AppData/Local/Temp/dopmi-parity-20260930/mobile/test/case_need_row_test.dart: need rows wrap authored details and preserve removal at 200%
00:21 +30: C:/Users/betoq/AppData/Local/Temp/dopmi-parity-20260930/mobile/test/case_need_row_test.dart: need rows wrap authored details and preserve removal at 200%
00:21 +31: C:/Users/betoq/AppData/Local/Temp/dopmi-parity-20260930/mobile/test/case_need_row_test.dart: need rows wrap authored details and preserve removal at 200%
00:21 +32: C:/Users/betoq/AppData/Local/Temp/dopmi-parity-20260930/mobile/test/case_need_row_test.dart: need rows wrap authored details and preserve removal at 200%
00:21 +33: C:/Users/betoq/AppData/Local/Temp/dopmi-parity-20260930/mobile/test/case_need_row_test.dart: need rows wrap authored details and preserve removal at 200%
00:23 +34: C:/Users/betoq/AppData/Local/Temp/dopmi-parity-20260930/mobile/test/case_need_row_test.dart: need rows wrap authored details and preserve removal at 200%
00:23 +35: C:/Users/betoq/AppData/Local/Temp/dopmi-parity-20260930/mobile/test/case_photo_recovery_test.dart: case recovery checks owner and editable state: (one, draft)
00:23 +36: C:/Users/betoq/AppData/Local/Temp/dopmi-parity-20260930/mobile/test/case_photo_recovery_test.dart: case recovery checks owner and editable state: (two, draft)
00:23 +37: C:/Users/betoq/AppData/Local/Temp/dopmi-parity-20260930/mobile/test/case_photo_recovery_test.dart: case recovery checks owner and editable state: (one, submitted)
00:24 +38: C:/Users/betoq/AppData/Local/Temp/dopmi-parity-20260930/mobile/test/case_publication_test.dart: case submission returns to owned cases only on confirmation reject=false
00:27 +39: C:/Users/betoq/AppData/Local/Temp/dopmi-parity-20260930/mobile/test/case_update_editor_test.dart: failed restore cannot create replacement; retry saves the original version: false
00:28 +40: C:/Users/betoq/AppData/Local/Temp/dopmi-parity-20260930/mobile/test/case_publication_test.dart: case submission returns to owned cases only on confirmation reject=true
00:28 +41: C:/Users/betoq/AppData/Local/Temp/dopmi-parity-20260930/mobile/test/community_test.dart: conversation history pages and ignores an obsolete page error
00:28 +42: C:/Users/betoq/AppData/Local/Temp/dopmi-parity-20260930/mobile/test/community_test.dart: conversation history pages and ignores an obsolete page error
00:29 +43: C:/Users/betoq/AppData/Local/Temp/dopmi-parity-20260930/mobile/test/community_test.dart: conversation history pages and ignores an obsolete page error
00:29 +44: C:/Users/betoq/AppData/Local/Temp/dopmi-parity-20260930/mobile/test/community_test.dart: conversation history pages and ignores an obsolete page error
00:29 +45: C:/Users/betoq/AppData/Local/Temp/dopmi-parity-20260930/mobile/test/community_test.dart: conversation history pages and ignores an obsolete page error
00:29 +46: C:/Users/betoq/AppData/Local/Temp/dopmi-parity-20260930/mobile/test/community_test.dart: conversation history pages and ignores an obsolete page error
00:29 +47: C:/Users/betoq/AppData/Local/Temp/dopmi-parity-20260930/mobile/test/community_test.dart: conversation history pages and ignores an obsolete page error
00:30 +48: C:/Users/betoq/AppData/Local/Temp/dopmi-parity-20260930/mobile/test/community_test.dart: conversation history pages and ignores an obsolete page error
00:30 +49: C:/Users/betoq/AppData/Local/Temp/dopmi-parity-20260930/mobile/test/community_test.dart: conversation history pages and ignores an obsolete page error
00:31 +50: C:/Users/betoq/AppData/Local/Temp/dopmi-parity-20260930/mobile/test/community_test.dart: conversation history pages and ignores an obsolete page error
00:32 +51: C:/Users/betoq/AppData/Local/Temp/dopmi-parity-20260930/mobile/test/community_test.dart: conversation history pages and ignores an obsolete page error
00:32 +52: C:/Users/betoq/AppData/Local/Temp/dopmi-parity-20260930/mobile/test/community_test.dart: conversation history pages and ignores an obsolete page error
00:33 +53: C:/Users/betoq/AppData/Local/Temp/dopmi-parity-20260930/mobile/test/community_test.dart: conversation history pages and ignores an obsolete page error
00:33 +54: C:/Users/betoq/AppData/Local/Temp/dopmi-parity-20260930/mobile/test/community_test.dart: conversation history pages and ignores an obsolete page error
00:33 +55: C:/Users/betoq/AppData/Local/Temp/dopmi-parity-20260930/mobile/test/community_test.dart: conversation history pages and ignores an obsolete page error
00:33 +56: C:/Users/betoq/AppData/Local/Temp/dopmi-parity-20260930/mobile/test/content_actions_test.dart: report waits for a receipt and preserves motive on retry large=false
00:33 +57: C:/Users/betoq/AppData/Local/Temp/dopmi-parity-20260930/mobile/test/content_actions_test.dart: report waits for a receipt and preserves motive on retry large=false
00:33 +58: C:/Users/betoq/AppData/Local/Temp/dopmi-parity-20260930/mobile/test/community_test.dart: receipt failure keeps history and resume recovers with draft
00:33 +59: C:/Users/betoq/AppData/Local/Temp/dopmi-parity-20260930/mobile/test/content_actions_test.dart: report waits for a receipt and preserves motive on retry large=true
00:34 +60: C:/Users/betoq/AppData/Local/Temp/dopmi-parity-20260930/mobile/test/community_test.dart: chat detail keyboard navigation keeps the unsent draft
00:34 +61: C:/Users/betoq/AppData/Local/Temp/dopmi-parity-20260930/mobile/test/community_test.dart: chat detail keyboard navigation keeps the unsent draft
00:34 +62: C:/Users/betoq/AppData/Local/Temp/dopmi-parity-20260930/mobile/test/community_test.dart: chat detail keyboard navigation keeps the unsent draft
00:34 +63: C:/Users/betoq/AppData/Local/Temp/dopmi-parity-20260930/mobile/test/community_test.dart: chat detail keyboard navigation keeps the unsent draft
00:34 +64: C:/Users/betoq/AppData/Local/Temp/dopmi-parity-20260930/mobile/test/community_test.dart: chat detail keyboard navigation keeps the unsent draft
00:34 +65: C:/Users/betoq/AppData/Local/Temp/dopmi-parity-20260930/mobile/test/content_actions_test.dart: report requires a motive and cancels without a submission large=false
00:35 +66: C:/Users/betoq/AppData/Local/Temp/dopmi-parity-20260930/mobile/test/content_actions_test.dart: report requires a motive and cancels without a submission large=false
00:35 +67: C:/Users/betoq/AppData/Local/Temp/dopmi-parity-20260930/mobile/test/community_test.dart: conversation composer palette and keyboard; rescuer=true
00:35 +68: C:/Users/betoq/AppData/Local/Temp/dopmi-parity-20260930/mobile/test/content_actions_test.dart: report requires a motive and cancels without a submission large=true
00:35 +69: C:/Users/betoq/AppData/Local/Temp/dopmi-parity-20260930/mobile/test/content_report_flow_test.dart: actual rescuer report retains motive on failure and only acknowledges server receipt
00:35 +70: C:/Users/betoq/AppData/Local/Temp/dopmi-parity-20260930/mobile/test/content_report_flow_test.dart: actual rescuer report retains motive on failure and only acknowledges server receipt
00:35 +71: C:/Users/betoq/AppData/Local/Temp/dopmi-parity-20260930/mobile/test/content_report_flow_test.dart: actual rescuer report retains motive on failure and only acknowledges server receipt
00:35 +72: C:/Users/betoq/AppData/Local/Temp/dopmi-parity-20260930/mobile/test/content_report_flow_test.dart: actual rescuer report retains motive on failure and only acknowledges server receipt
00:36 +73: C:/Users/betoq/AppData/Local/Temp/dopmi-parity-20260930/mobile/test/content_report_flow_test.dart: actual rescuer report retains motive on failure and only acknowledges server receipt
00:36 +74: C:/Users/betoq/AppData/Local/Temp/dopmi-parity-20260930/mobile/test/content_report_flow_test.dart: actual rescuer report retains motive on failure and only acknowledges server receipt
00:36 +75: C:/Users/betoq/AppData/Local/Temp/dopmi-parity-20260930/mobile/test/content_report_flow_test.dart: actual rescuer report retains motive on failure and only acknowledges server receipt
00:37 +76: C:/Users/betoq/AppData/Local/Temp/dopmi-parity-20260930/mobile/test/content_report_flow_test.dart: actual rescuer report retains motive on failure and only acknowledges server receipt
00:38 +77: C:/Users/betoq/AppData/Local/Temp/dopmi-parity-20260930/mobile/test/content_report_flow_test.dart: actual rescuer report retains motive on failure and only acknowledges server receipt
00:38 +78: C:/Users/betoq/AppData/Local/Temp/dopmi-parity-20260930/mobile/test/content_links_test.dart: public link routes through actual app, cold=true
00:38 +79: C:/Users/betoq/AppData/Local/Temp/dopmi-parity-20260930/mobile/test/content_links_test.dart: public link routes through actual app, cold=true
00:38 +80: C:/Users/betoq/AppData/Local/Temp/dopmi-parity-20260930/mobile/test/content_links_test.dart: public link routes through actual app, cold=true
00:39 +81: C:/Users/betoq/AppData/Local/Temp/dopmi-parity-20260930/mobile/test/content_links_test.dart: public link routes through actual app, cold=true
00:39 +82: C:/Users/betoq/AppData/Local/Temp/dopmi-parity-20260930/mobile/test/content_links_test.dart: public link routes through actual app, cold=true
00:39 +83: C:/Users/betoq/AppData/Local/Temp/dopmi-parity-20260930/mobile/test/content_links_test.dart: public link routes through actual app, cold=true
00:39 +84: C:/Users/betoq/AppData/Local/Temp/dopmi-parity-20260930/mobile/test/content_links_test.dart: public link routes through actual app, cold=true
00:39 +85: C:/Users/betoq/AppData/Local/Temp/dopmi-parity-20260930/mobile/test/content_links_test.dart: public link routes through actual app, cold=true
00:40 +86: C:/Users/betoq/AppData/Local/Temp/dopmi-parity-20260930/mobile/test/content_links_test.dart: public link routes through actual app, cold=true
00:40 +87: C:/Users/betoq/AppData/Local/Temp/dopmi-parity-20260930/mobile/test/content_links_test.dart: public link routes through actual app, cold=true
00:40 +88: C:/Users/betoq/AppData/Local/Temp/dopmi-parity-20260930/mobile/test/content_links_test.dart: public link routes through actual app, cold=true
00:40 +89: C:/Users/betoq/AppData/Local/Temp/dopmi-parity-20260930/mobile/test/content_links_test.dart: public link routes through actual app, cold=true
00:40 +90: C:/Users/betoq/AppData/Local/Temp/dopmi-parity-20260930/mobile/test/content_links_test.dart: public link routes through actual app, cold=true
00:40 +91: C:/Users/betoq/AppData/Local/Temp/dopmi-parity-20260930/mobile/test/content_links_test.dart: public link routes through actual app, cold=true
00:41 +92: C:/Users/betoq/AppData/Local/Temp/dopmi-parity-20260930/mobile/test/contribution_amount_dialog_test.dart: amount selector returns exact cents and dismisses without charging
00:41 +93: C:/Users/betoq/AppData/Local/Temp/dopmi-parity-20260930/mobile/test/community_test.dart: saved list reaches its second page and returns with large text
00:41 +94: C:/Users/betoq/AppData/Local/Temp/dopmi-parity-20260930/mobile/test/community_test.dart: saved list reaches its second page and returns with large text
00:41 +95: C:/Users/betoq/AppData/Local/Temp/dopmi-parity-20260930/mobile/test/design_navigation_test.dart: restoring a rescuer opens their home without changing permissions
00:41 +96: C:/Users/betoq/AppData/Local/Temp/dopmi-parity-20260930/mobile/test/design_navigation_test.dart: restoring a rescuer opens their home without changing permissions
00:42 +97: C:/Users/betoq/AppData/Local/Temp/dopmi-parity-20260930/mobile/test/design_navigation_test.dart: restoring a rescuer opens their home without changing permissions
00:42 +98: C:/Users/betoq/AppData/Local/Temp/dopmi-parity-20260930/mobile/test/design_navigation_test.dart: restoring a rescuer opens their home without changing permissions
00:43 +99: C:/Users/betoq/AppData/Local/Temp/dopmi-parity-20260930/mobile/test/design_navigation_test.dart: restoring a rescuer opens their home without changing permissions
00:43 +100: C:/Users/betoq/AppData/Local/Temp/dopmi-parity-20260930/mobile/test/design_navigation_test.dart: restoring a rescuer opens their home without changing permissions
00:43 +101: C:/Users/betoq/AppData/Local/Temp/dopmi-parity-20260930/mobile/test/design_navigation_test.dart: restoring a rescuer opens their home without changing permissions
00:44 +102: C:/Users/betoq/AppData/Local/Temp/dopmi-parity-20260930/mobile/test/design_navigation_test.dart: restoring a rescuer opens their home without changing permissions
00:44 +103: C:/Users/betoq/AppData/Local/Temp/dopmi-parity-20260930/mobile/test/design_navigation_test.dart: restoring a rescuer opens their home without changing permissions
00:44 +104: C:/Users/betoq/AppData/Local/Temp/dopmi-parity-20260930/mobile/test/design_navigation_test.dart: restoring a rescuer opens their home without changing permissions
00:45 +105: C:/Users/betoq/AppData/Local/Temp/dopmi-parity-20260930/mobile/test/design_navigation_test.dart: restoring a rescuer opens their home without changing permissions
00:45 +106: C:/Users/betoq/AppData/Local/Temp/dopmi-parity-20260930/mobile/test/design_navigation_test.dart: restoring a rescuer opens their home without changing permissions
00:45 +107: C:/Users/betoq/AppData/Local/Temp/dopmi-parity-20260930/mobile/test/discovery_empty_test.dart: small enlarged empty view scrolls to real support
00:46 +108: C:/Users/betoq/AppData/Local/Temp/dopmi-parity-20260930/mobile/test/discovery_filters_test.dart: cancel discards filter drafts without a server query
00:46 +109: C:/Users/betoq/AppData/Local/Temp/dopmi-parity-20260930/mobile/test/discovery_filters_test.dart: cancel discards filter drafts without a server query
00:46 +110: C:/Users/betoq/AppData/Local/Temp/dopmi-parity-20260930/mobile/test/discovery_filters_test.dart: cancel discards filter drafts without a server query
00:46 +111: C:/Users/betoq/AppData/Local/Temp/dopmi-parity-20260930/mobile/test/discovery_filters_test.dart: cancel discards filter drafts without a server query
00:47 +112: C:/Users/betoq/AppData/Local/Temp/dopmi-parity-20260930/mobile/test/discovery_filters_test.dart: cancel discards filter drafts without a server query
00:47 +113: C:/Users/betoq/AppData/Local/Temp/dopmi-parity-20260930/mobile/test/discovery_filters_test.dart: cancel discards filter drafts without a server query
00:47 +114: C:/Users/betoq/AppData/Local/Temp/dopmi-parity-20260930/mobile/test/discovery_filters_test.dart: cancel discards filter drafts without a server query
00:48 +115: C:/Users/betoq/AppData/Local/Temp/dopmi-parity-20260930/mobile/test/community_test.dart: failed draft save preserves authored content and can be retried
00:48 +116: C:/Users/betoq/AppData/Local/Temp/dopmi-parity-20260930/mobile/test/community_test.dart: failed draft save preserves authored content and can be retried
00:48 +117: C:/Users/betoq/AppData/Local/Temp/dopmi-parity-20260930/mobile/test/discovery_motion_test.dart: guest save requests login without advancing or writing favorite
00:48 +118: C:/Users/betoq/AppData/Local/Temp/dopmi-parity-20260930/mobile/test/discovery_motion_test.dart: guest save requests login without advancing or writing favorite
00:49 +119: C:/Users/betoq/AppData/Local/Temp/dopmi-parity-20260930/mobile/test/discovery_motion_test.dart: guest save requests login without advancing or writing favorite
00:49 +120: C:/Users/betoq/AppData/Local/Temp/dopmi-parity-20260930/mobile/test/discovery_motion_test.dart: guest save requests login without advancing or writing favorite
00:49 +121: C:/Users/betoq/AppData/Local/Temp/dopmi-parity-20260930/mobile/test/discovery_motion_test.dart: guest save requests login without advancing or writing favorite
00:50 +122: C:/Users/betoq/AppData/Local/Temp/dopmi-parity-20260930/mobile/test/discovery_motion_test.dart: guest save requests login without advancing or writing favorite
00:50 +123: C:/Users/betoq/AppData/Local/Temp/dopmi-parity-20260930/mobile/test/discovery_motion_test.dart: guest save requests login without advancing or writing favorite
00:50 +124: C:/Users/betoq/AppData/Local/Temp/dopmi-parity-20260930/mobile/test/discovery_motion_test.dart: guest save requests login without advancing or writing favorite
00:51 +125: C:/Users/betoq/AppData/Local/Temp/dopmi-parity-20260930/mobile/test/discovery_motion_test.dart: guest save requests login without advancing or writing favorite
00:51 +126: C:/Users/betoq/AppData/Local/Temp/dopmi-parity-20260930/mobile/test/discovery_motion_test.dart: guest save requests login without advancing or writing favorite
00:51 +127: C:/Users/betoq/AppData/Local/Temp/dopmi-parity-20260930/mobile/test/discovery_motion_test.dart: guest save requests login without advancing or writing favorite
00:52 +128: C:/Users/betoq/AppData/Local/Temp/dopmi-parity-20260930/mobile/test/discovery_motion_test.dart: guest save requests login without advancing or writing favorite
00:52 +129: C:/Users/betoq/AppData/Local/Temp/dopmi-parity-20260930/mobile/test/discovery_motion_test.dart: guest save requests login without advancing or writing favorite
00:52 +130: C:/Users/betoq/AppData/Local/Temp/dopmi-parity-20260930/mobile/test/discovery_motion_test.dart: guest save requests login without advancing or writing favorite
00:52 +131: C:/Users/betoq/AppData/Local/Temp/dopmi-parity-20260930/mobile/test/discovery_motion_test.dart: guest save requests login without advancing or writing favorite
00:52 +132: C:/Users/betoq/AppData/Local/Temp/dopmi-parity-20260930/mobile/test/discovery_motion_test.dart: guest save requests login without advancing or writing favorite
00:52 +133: C:/Users/betoq/AppData/Local/Temp/dopmi-parity-20260930/mobile/test/discovery_motion_test.dart: guest save requests login without advancing or writing favorite
00:52 +134: C:/Users/betoq/AppData/Local/Temp/dopmi-parity-20260930/mobile/test/discovery_motion_test.dart: guest save requests login without advancing or writing favorite
00:52 +135: C:/Users/betoq/AppData/Local/Temp/dopmi-parity-20260930/mobile/test/discovery_motion_test.dart: guest save requests login without advancing or writing favorite
00:52 +136: C:/Users/betoq/AppData/Local/Temp/dopmi-parity-20260930/mobile/test/discovery_motion_test.dart: guest save requests login without advancing or writing favorite
00:52 +137: C:/Users/betoq/AppData/Local/Temp/dopmi-parity-20260930/mobile/test/discovery_motion_test.dart: guest save requests login without advancing or writing favorite
00:52 +138: C:/Users/betoq/AppData/Local/Temp/dopmi-parity-20260930/mobile/test/discovery_motion_test.dart: guest save requests login without advancing or writing favorite
00:52 +139: C:/Users/betoq/AppData/Local/Temp/dopmi-parity-20260930/mobile/test/discovery_motion_test.dart: guest save requests login without advancing or writing favorite
00:52 +140: C:/Users/betoq/AppData/Local/Temp/dopmi-parity-20260930/mobile/test/donor_notification_button_test.dart: notification count refreshes, hides errors and rejects another actor
00:53 +141: C:/Users/betoq/AppData/Local/Temp/dopmi-parity-20260930/mobile/test/donor_notification_button_test.dart: notification count refreshes, hides errors and rejects another actor
00:54 +142: C:/Users/betoq/AppData/Local/Temp/dopmi-parity-20260930/mobile/test/donor_notification_button_test.dart: notification count refreshes, hides errors and rejects another actor
00:54 +143: C:/Users/betoq/AppData/Local/Temp/dopmi-parity-20260930/mobile/test/discovery_motion_test.dart: burst pointer movement accumulates before redraw: false/false
00:54 +144: C:/Users/betoq/AppData/Local/Temp/dopmi-parity-20260930/mobile/test/donor_notification_button_test.dart: notification keyboard focus opens the notification route
00:54 +145: C:/Users/betoq/AppData/Local/Temp/dopmi-parity-20260930/mobile/test/discovery_motion_test.dart: burst pointer movement accumulates before redraw: false/true
00:54 +146: C:/Users/betoq/AppData/Local/Temp/dopmi-parity-20260930/mobile/test/expense_attachment_press_test.dart: Evidence attachment preserves press and cancels safely: public=false scale=1.0 platform=TargetPlatform.android
00:55 +147: C:/Users/betoq/AppData/Local/Temp/dopmi-parity-20260930/mobile/test/expense_attachment_press_test.dart: Evidence attachment preserves press and cancels safely: public=false scale=1.0 platform=TargetPlatform.android
00:55 +148: C:/Users/betoq/AppData/Local/Temp/dopmi-parity-20260930/mobile/test/expense_attachment_press_test.dart: Evidence attachment preserves press and cancels safely: public=false scale=1.0 platform=TargetPlatform.android
00:55 +149: C:/Users/betoq/AppData/Local/Temp/dopmi-parity-20260930/mobile/test/expense_attachment_press_test.dart: Evidence attachment preserves press and cancels safely: public=false scale=1.0 platform=TargetPlatform.android
00:55 +150: C:/Users/betoq/AppData/Local/Temp/dopmi-parity-20260930/mobile/test/expense_attachment_press_test.dart: Evidence attachment preserves press and cancels safely: public=false scale=1.0 platform=TargetPlatform.android
00:55 +151: C:/Users/betoq/AppData/Local/Temp/dopmi-parity-20260930/mobile/test/discovery_motion_test.dart: reference tap versus short drag boundary: -7.0 pixels
00:56 +152: C:/Users/betoq/AppData/Local/Temp/dopmi-parity-20260930/mobile/test/discovery_motion_test.dart: reference tap versus short drag boundary: -7.0 pixels
00:56 +153: C:/Users/betoq/AppData/Local/Temp/dopmi-parity-20260930/mobile/test/discovery_motion_test.dart: reference tap versus short drag boundary: -7.0 pixels
00:56 +154: C:/Users/betoq/AppData/Local/Temp/dopmi-parity-20260930/mobile/test/discovery_motion_test.dart: reference tap versus short drag boundary: -7.0 pixels
00:56 +155: C:/Users/betoq/AppData/Local/Temp/dopmi-parity-20260930/mobile/test/expense_attachment_press_test.dart: Evidence attachment preserves press and cancels safely: public=false scale=1.0 platform=TargetPlatform.iOS
00:56 +156: C:/Users/betoq/AppData/Local/Temp/dopmi-parity-20260930/mobile/test/discovery_motion_test.dart: reference tap versus short drag boundary: 7.0 pixels
00:56 +157: C:/Users/betoq/AppData/Local/Temp/dopmi-parity-20260930/mobile/test/discovery_motion_test.dart: reference tap versus short drag boundary: 7.0 pixels
00:56 +158: C:/Users/betoq/AppData/Local/Temp/dopmi-parity-20260930/mobile/test/discovery_motion_test.dart: reference tap versus short drag boundary: 7.0 pixels
00:56 +159: C:/Users/betoq/AppData/Local/Temp/dopmi-parity-20260930/mobile/test/expense_field_test.dart: review edits public description and receipt without losing private data at 1.0
00:56 +160: C:/Users/betoq/AppData/Local/Temp/dopmi-parity-20260930/mobile/test/expense_field_test.dart: review edits public description and receipt without losing private data at 1.0
00:57 +161: C:/Users/betoq/AppData/Local/Temp/dopmi-parity-20260930/mobile/test/expense_field_test.dart: review edits public description and receipt without losing private data at 1.0
00:57 +162: C:/Users/betoq/AppData/Local/Temp/dopmi-parity-20260930/mobile/test/expense_field_test.dart: review edits public description and receipt without losing private data at 1.0
00:57 +163: C:/Users/betoq/AppData/Local/Temp/dopmi-parity-20260930/mobile/test/expense_field_test.dart: review edits public description and receipt without losing private data at 1.0
00:58 +164: C:/Users/betoq/AppData/Local/Temp/dopmi-parity-20260930/mobile/test/expense_field_test.dart: review edits public description and receipt without losing private data at 1.0
00:58 +165: C:/Users/betoq/AppData/Local/Temp/dopmi-parity-20260930/mobile/test/expense_field_test.dart: review edits public description and receipt without losing private data at 1.0
00:58 +166: C:/Users/betoq/AppData/Local/Temp/dopmi-parity-20260930/mobile/test/expense_field_test.dart: review edits public description and receipt without losing private data at 1.0
00:59 +167: C:/Users/betoq/AppData/Local/Temp/dopmi-parity-20260930/mobile/test/expense_field_test.dart: review edits public description and receipt without losing private data at 1.0
00:59 +168: C:/Users/betoq/AppData/Local/Temp/dopmi-parity-20260930/mobile/test/expense_field_test.dart: review edits public description and receipt without losing private data at 1.0
00:59 +169: C:/Users/betoq/AppData/Local/Temp/dopmi-parity-20260930/mobile/test/expense_field_test.dart: review edits public description and receipt without losing private data at 1.0
00:59 +170: C:/Users/betoq/AppData/Local/Temp/dopmi-parity-20260930/mobile/test/expense_field_test.dart: review edits public description and receipt without losing private data at 1.0
01:00 +171: C:/Users/betoq/AppData/Local/Temp/dopmi-parity-20260930/mobile/test/expense_field_test.dart: review edits public description and receipt without losing private data at 1.0
01:00 +172: C:/Users/betoq/AppData/Local/Temp/dopmi-parity-20260930/mobile/test/expense_field_test.dart: review edits public description and receipt without losing private data at 1.0
01:00 +173: C:/Users/betoq/AppData/Local/Temp/dopmi-parity-20260930/mobile/test/expense_review_press_test.dart: Expense review edit preserves press and cancels safely: section=Solo para revisión privada scale=1.0 platform=TargetPlatform.android
01:00 +174: C:/Users/betoq/AppData/Local/Temp/dopmi-parity-20260930/mobile/test/discovery_motion_test.dart: reduced motion advances without a timed exit
01:00 +175: C:/Users/betoq/AppData/Local/Temp/dopmi-parity-20260930/mobile/test/expense_field_test.dart: review edits public description and receipt without losing private data at 2.0
01:00 +176: C:/Users/betoq/AppData/Local/Temp/dopmi-parity-20260930/mobile/test/expense_field_test.dart: review edits public description and receipt without losing private data at 2.0
01:00 +177: C:/Users/betoq/AppData/Local/Temp/dopmi-parity-20260930/mobile/test/expense_field_test.dart: review edits public description and receipt without losing private data at 2.0
01:00 +178: C:/Users/betoq/AppData/Local/Temp/dopmi-parity-20260930/mobile/test/expense_field_test.dart: review edits public description and receipt without losing private data at 2.0
01:01 +179: C:/Users/betoq/AppData/Local/Temp/dopmi-parity-20260930/mobile/test/expense_field_test.dart: review edits public description and receipt without losing private data at 2.0
01:01 +180: C:/Users/betoq/AppData/Local/Temp/dopmi-parity-20260930/mobile/test/expense_field_test.dart: review edits public description and receipt without losing private data at 2.0
01:01 +181: C:/Users/betoq/AppData/Local/Temp/dopmi-parity-20260930/mobile/test/expense_field_test.dart: review edits public description and receipt without losing private data at 2.0
01:01 +182: C:/Users/betoq/AppData/Local/Temp/dopmi-parity-20260930/mobile/test/expense_field_test.dart: review edits public description and receipt without losing private data at 2.0
01:01 +183: C:/Users/betoq/AppData/Local/Temp/dopmi-parity-20260930/mobile/test/expense_field_test.dart: review edits public description and receipt without losing private data at 2.0
01:01 +184: C:/Users/betoq/AppData/Local/Temp/dopmi-parity-20260930/mobile/test/expense_field_test.dart: review edits public description and receipt without losing private data at 2.0
01:02 +185: C:/Users/betoq/AppData/Local/Temp/dopmi-parity-20260930/mobile/test/expense_field_test.dart: review edits public description and receipt without losing private data at 2.0
01:02 +186: C:/Users/betoq/AppData/Local/Temp/dopmi-parity-20260930/mobile/test/expense_field_test.dart: review edits public description and receipt without losing private data at 2.0
01:02 +187: C:/Users/betoq/AppData/Local/Temp/dopmi-parity-20260930/mobile/test/guardian_amount_dialog_test.dart: Changing amount revokes consent, preserves cents and disables unchanged or invalid amounts
01:02 +188: C:/Users/betoq/AppData/Local/Temp/dopmi-parity-20260930/mobile/test/guardian_amount_dialog_test.dart: Changing amount revokes consent, preserves cents and disables unchanged or invalid amounts
01:02 +189: C:/Users/betoq/AppData/Local/Temp/dopmi-parity-20260930/mobile/test/guardian_amount_dialog_test.dart: Changing amount revokes consent, preserves cents and disables unchanged or invalid amounts
01:02 +190: C:/Users/betoq/AppData/Local/Temp/dopmi-parity-20260930/mobile/test/guardian_amount_dialog_test.dart: Changing amount revokes consent, preserves cents and disables unchanged or invalid amounts
01:02 +191: C:/Users/betoq/AppData/Local/Temp/dopmi-parity-20260930/mobile/test/expense_field_test.dart: description requires content and incomplete save remains available at 1.0
01:03 +192: C:/Users/betoq/AppData/Local/Temp/dopmi-parity-20260930/mobile/test/expense_field_test.dart: description requires content and incomplete save remains available at 1.0
01:03 +193: C:/Users/betoq/AppData/Local/Temp/dopmi-parity-20260930/mobile/test/expense_field_test.dart: description requires content and incomplete save remains available at 1.0
01:03 +194: C:/Users/betoq/AppData/Local/Temp/dopmi-parity-20260930/mobile/test/guardian_amount_dialog_test.dart: Large text and keyboard preserve reachable authorization and confirmation
01:03 +195: C:/Users/betoq/AppData/Local/Temp/dopmi-parity-20260930/mobile/test/guardian_amount_focus_test.dart: Custom amount focus and preset return at scale 1.0
01:04 +196: C:/Users/betoq/AppData/Local/Temp/dopmi-parity-20260930/mobile/test/guardian_amount_focus_test.dart: Custom amount focus and preset return at scale 1.0
01:04 +197: C:/Users/betoq/AppData/Local/Temp/dopmi-parity-20260930/mobile/test/guardian_amount_focus_test.dart: Custom amount focus and preset return at scale 1.0
01:04 +198: C:/Users/betoq/AppData/Local/Temp/dopmi-parity-20260930/mobile/test/guardian_amount_focus_test.dart: Custom amount focus and preset return at scale 1.0
01:04 +199: C:/Users/betoq/AppData/Local/Temp/dopmi-parity-20260930/mobile/test/expense_field_test.dart: receipt and later evidence stay separate and retain files on back
01:05 +200: C:/Users/betoq/AppData/Local/Temp/dopmi-parity-20260930/mobile/test/expense_field_test.dart: receipt and later evidence stay separate and retain files on back
01:05 +201: C:/Users/betoq/AppData/Local/Temp/dopmi-parity-20260930/mobile/test/expense_field_test.dart: expense resume discards stale record data on failure and reads corrections from the server
01:05 +202: C:/Users/betoq/AppData/Local/Temp/dopmi-parity-20260930/mobile/test/guardian_billing_test.dart: Billing places management before actual payments and preserves confirmed financial details
01:05 +203: C:/Users/betoq/AppData/Local/Temp/dopmi-parity-20260930/mobile/test/guardian_billing_test.dart: Billing places management before actual payments and preserves confirmed financial details
01:06 +204: C:/Users/betoq/AppData/Local/Temp/dopmi-parity-20260930/mobile/test/guardian_billing_test.dart: Billing places management before actual payments and preserves confirmed financial details
01:07 +205: C:/Users/betoq/AppData/Local/Temp/dopmi-parity-20260930/mobile/test/expense_field_test.dart: expense close keeps an unsaved draft and save progress persists before leaving
01:07 +206: C:/Users/betoq/AppData/Local/Temp/dopmi-parity-20260930/mobile/test/guardian_billing_test.dart: History errors preserve the active plan and never claim an empty history
01:07 +207: C:/Users/betoq/AppData/Local/Temp/dopmi-parity-20260930/mobile/test/expense_field_test.dart: removing a private receipt preserves the public photo role when saved
01:07 +208: C:/Users/betoq/AppData/Local/Temp/dopmi-parity-20260930/mobile/test/guardian_billing_test.dart: Late billing history belongs only to the account that requested it
01:07 +209: C:/Users/betoq/AppData/Local/Temp/dopmi-parity-20260930/mobile/test/expense_field_test.dart: expense inputs retain private exact cents through review at large text
01:08 +210: C:/Users/betoq/AppData/Local/Temp/dopmi-parity-20260930/mobile/test/expense_field_test.dart: expense inputs retain private exact cents through review at large text
01:08 +211: C:/Users/betoq/AppData/Local/Temp/dopmi-parity-20260930/mobile/test/guardian_cancel_dialog_test.dart: Cancellation dialog returns consent only for explicit confirmation: Cerrar
01:08 +212: C:/Users/betoq/AppData/Local/Temp/dopmi-parity-20260930/mobile/test/guardian_cancel_dialog_test.dart: Cancellation dialog returns consent only for explicit confirmation: Mantener suscripción
01:08 +213: C:/Users/betoq/AppData/Local/Temp/dopmi-parity-20260930/mobile/test/guardian_cancel_dialog_test.dart: Cancellation dialog returns consent only for explicit confirmation: Cancelar suscripción
01:08 +214: C:/Users/betoq/AppData/Local/Temp/dopmi-parity-20260930/mobile/test/guardian_cancel_dialog_test.dart: Cancellation dialog returns consent only for explicit confirmation: Regresar
01:08 +215: C:/Users/betoq/AppData/Local/Temp/dopmi-parity-20260930/mobile/test/guardian_cancel_dialog_test.dart: Large text retains full explanation and both actions through scroll
01:09 +216: C:/Users/betoq/AppData/Local/Temp/dopmi-parity-20260930/mobile/test/guardian_enrollment_amount_test.dart: Enrollment presets and personalized cents remain accurate at scale 1.0
01:10 +217: C:/Users/betoq/AppData/Local/Temp/dopmi-parity-20260930/mobile/test/guardian_enrollment_amount_test.dart: Enrollment presets and personalized cents remain accurate at scale 2.0
01:10 +218: C:/Users/betoq/AppData/Local/Temp/dopmi-parity-20260930/mobile/test/guardian_enrollment_confirmation_test.dart: Consent remains explicit and reachable at scale 1.0
01:10 +219: C:/Users/betoq/AppData/Local/Temp/dopmi-parity-20260930/mobile/test/guardian_enrollment_confirmation_test.dart: Consent remains explicit and reachable at scale 1.0
01:11 +220: C:/Users/betoq/AppData/Local/Temp/dopmi-parity-20260930/mobile/test/guardian_enrollment_confirmation_test.dart: Consent remains explicit and reachable at scale 2.0
01:12 +221: C:/Users/betoq/AppData/Local/Temp/dopmi-parity-20260930/mobile/test/guardian_enrollment_test.dart: Matching server activation welcomes its owner without another charge
01:14 +222: C:/Users/betoq/AppData/Local/Temp/dopmi-parity-20260930/mobile/test/guardian_history_test.dart: history route is disabled by default without financial reads
01:14 +223: C:/Users/betoq/AppData/Local/Temp/dopmi-parity-20260930/mobile/test/guardian_history_test.dart: history route is disabled by default without financial reads
01:14 +224: C:/Users/betoq/AppData/Local/Temp/dopmi-parity-20260930/mobile/test/guardian_history_test.dart: history route is disabled by default without financial reads
01:14 +225: C:/Users/betoq/AppData/Local/Temp/dopmi-parity-20260930/mobile/test/guardian_history_test.dart: history route is disabled by default without financial reads
01:15 +226: C:/Users/betoq/AppData/Local/Temp/dopmi-parity-20260930/mobile/test/guardian_history_test.dart: history route is disabled by default without financial reads
01:15 +227: C:/Users/betoq/AppData/Local/Temp/dopmi-parity-20260930/mobile/test/guardian_history_test.dart: history route is disabled by default without financial reads
01:15 +228: C:/Users/betoq/AppData/Local/Temp/dopmi-parity-20260930/mobile/test/guardian_history_test.dart: history route is disabled by default without financial reads
01:15 +229: C:/Users/betoq/AppData/Local/Temp/dopmi-parity-20260930/mobile/test/guardian_history_test.dart: history route is disabled by default without financial reads
01:15 +230: C:/Users/betoq/AppData/Local/Temp/dopmi-parity-20260930/mobile/test/guardian_membership_card_test.dart: Billing evidence stays legible at scale 1.0 without a fictitious card or date
01:15 +231: C:/Users/betoq/AppData/Local/Temp/dopmi-parity-20260930/mobile/test/guardian_membership_card_test.dart: Billing evidence stays legible at scale 1.0 without a fictitious card or date
01:16 +232: C:/Users/betoq/AppData/Local/Temp/dopmi-parity-20260930/mobile/test/guardian_membership_card_test.dart: Billing evidence stays legible at scale 1.0 without a fictitious card or date
01:16 +233: C:/Users/betoq/AppData/Local/Temp/dopmi-parity-20260930/mobile/test/guardian_membership_card_test.dart: Billing evidence stays legible at scale 1.0 without a fictitious card or date
01:16 +234: C:/Users/betoq/AppData/Local/Temp/dopmi-parity-20260930/mobile/test/guardian_membership_card_test.dart: Billing evidence stays legible at scale 1.0 without a fictitious card or date
01:16 +235: C:/Users/betoq/AppData/Local/Temp/dopmi-parity-20260930/mobile/test/guardian_membership_card_test.dart: Billing evidence stays legible at scale 1.0 without a fictitious card or date
01:17 +236: C:/Users/betoq/AppData/Local/Temp/dopmi-parity-20260930/mobile/test/guardian_membership_card_test.dart: Billing evidence stays legible at scale 1.0 without a fictitious card or date
01:17 +237: C:/Users/betoq/AppData/Local/Temp/dopmi-parity-20260930/mobile/test/guardian_enrollment_test.dart: Fresh enrollment without history returns to support
01:17 +238: C:/Users/betoq/AppData/Local/Temp/dopmi-parity-20260930/mobile/test/guardian_history_test.dart: history paginates and retries the same failed cursor without losing confirmed items
01:17 +239: C:/Users/betoq/AppData/Local/Temp/dopmi-parity-20260930/mobile/test/guardian_history_test.dart: history paginates and retries the same failed cursor without losing confirmed items
01:17 +240: C:/Users/betoq/AppData/Local/Temp/dopmi-parity-20260930/mobile/test/guardian_history_test.dart: history paginates and retries the same failed cursor without losing confirmed items
01:17 +241: C:/Users/betoq/AppData/Local/Temp/dopmi-parity-20260930/mobile/test/guardian_enrollment_test.dart: System back keeps an in-flight capacity check recoverable
01:17 +242: C:/Users/betoq/AppData/Local/Temp/dopmi-parity-20260930/mobile/test/guardian_enrollment_test.dart: System back keeps an in-flight capacity check recoverable
01:17 +243: C:/Users/betoq/AppData/Local/Temp/dopmi-parity-20260930/mobile/test/guardian_history_test.dart: unconfirmed owner retains history and refunds remain distinct from pending payment
01:17 +244: C:/Users/betoq/AppData/Local/Temp/dopmi-parity-20260930/mobile/test/guardian_enrollment_test.dart: Promotion never offers a second enrollment when server returns an active plan
01:17 +245: C:/Users/betoq/AppData/Local/Temp/dopmi-parity-20260930/mobile/test/guardian_history_test.dart: late history response is discarded after switching accounts
01:18 +246: C:/Users/betoq/AppData/Local/Temp/dopmi-parity-20260930/mobile/test/guardian_enrollment_test.dart: Subscribe opens authorization without payment; only explicit Stripe confirmation starts checkout
01:18 +247: C:/Users/betoq/AppData/Local/Temp/dopmi-parity-20260930/mobile/test/guardian_enrollment_test.dart: Subscribe opens authorization without payment; only explicit Stripe confirmation starts checkout
01:18 +248: C:/Users/betoq/AppData/Local/Temp/dopmi-parity-20260930/mobile/test/guardian_history_test.dart: refresh clears old cycles and shows the authoritative empty history
01:18 +249: C:/Users/betoq/AppData/Local/Temp/dopmi-parity-20260930/mobile/test/guardian_enrollment_test.dart: Enrollment starts at the reference heading and returning revokes consent without checkout
01:18 +250: C:/Users/betoq/AppData/Local/Temp/dopmi-parity-20260930/mobile/test/guardian_enrollment_test.dart: Enrollment starts at the reference heading and returning revokes consent without checkout
01:18 +251: C:/Users/betoq/AppData/Local/Temp/dopmi-parity-20260930/mobile/test/guardian_enrollment_test.dart: Enrollment starts at the reference heading and returning revokes consent without checkout
01:18 +252: C:/Users/betoq/AppData/Local/Temp/dopmi-parity-20260930/mobile/test/guardian_history_test.dart: completed reversal retains the original allocation in history
01:18 +253: C:/Users/betoq/AppData/Local/Temp/dopmi-parity-20260930/mobile/test/guardian_enrollment_test.dart: Pending activation never claims no subscription or permits another enrollment
01:19 +254: C:/Users/betoq/AppData/Local/Temp/dopmi-parity-20260930/mobile/test/guardian_enrollment_test.dart: Disabled Guardian never offers an enrollment or makes financial reads
01:20 +255: C:/Users/betoq/AppData/Local/Temp/dopmi-parity-20260930/mobile/test/guardian_test.dart: review blocks a retained Checkout but preserves its reference
01:22 +256: C:/Users/betoq/AppData/Local/Temp/dopmi-parity-20260930/mobile/test/guardian_test.dart: Guardian is hidden by default and a disabled route performs no reads
01:22 +257: C:/Users/betoq/AppData/Local/Temp/dopmi-parity-20260930/mobile/test/guardian_test.dart: explicit consent and available capacity precede any Checkout
01:23 +258: C:/Users/betoq/AppData/Local/Temp/dopmi-parity-20260930/mobile/test/help_navigation_test.dart: help footer opens legal pages and returns without losing topic: donor
01:23 +259: C:/Users/betoq/AppData/Local/Temp/dopmi-parity-20260930/mobile/test/help_navigation_test.dart: help footer opens legal pages and returns without losing topic: donor
01:24 +260: C:/Users/betoq/AppData/Local/Temp/dopmi-parity-20260930/mobile/test/help_navigation_test.dart: help footer opens legal pages and returns without losing topic: donor
01:24 +261: C:/Users/betoq/AppData/Local/Temp/dopmi-parity-20260930/mobile/test/help_navigation_test.dart: help footer opens legal pages and returns without losing topic: donor
01:24 +262: C:/Users/betoq/AppData/Local/Temp/dopmi-parity-20260930/mobile/test/help_navigation_test.dart: help footer opens legal pages and returns without losing topic: donor
01:24 +263: C:/Users/betoq/AppData/Local/Temp/dopmi-parity-20260930/mobile/test/help_navigation_test.dart: help footer opens legal pages and returns without losing topic: donor
01:25 +264: C:/Users/betoq/AppData/Local/Temp/dopmi-parity-20260930/mobile/test/help_navigation_test.dart: help footer opens legal pages and returns without losing topic: donor
01:25 +265: C:/Users/betoq/AppData/Local/Temp/dopmi-parity-20260930/mobile/test/help_navigation_test.dart: help footer opens legal pages and returns without losing topic: donor
01:25 +266: C:/Users/betoq/AppData/Local/Temp/dopmi-parity-20260930/mobile/test/help_navigation_test.dart: help footer opens legal pages and returns without losing topic: donor
01:25 +267: C:/Users/betoq/AppData/Local/Temp/dopmi-parity-20260930/mobile/test/help_navigation_test.dart: help footer opens legal pages and returns without losing topic: donor
01:25 +268: C:/Users/betoq/AppData/Local/Temp/dopmi-parity-20260930/mobile/test/help_navigation_test.dart: help footer opens legal pages and returns without losing topic: donor
01:26 +269: C:/Users/betoq/AppData/Local/Temp/dopmi-parity-20260930/mobile/test/help_navigation_test.dart: help footer opens legal pages and returns without losing topic: donor
01:26 +270: C:/Users/betoq/AppData/Local/Temp/dopmi-parity-20260930/mobile/test/help_navigation_test.dart: help footer opens legal pages and returns without losing topic: donor
01:26 +271: C:/Users/betoq/AppData/Local/Temp/dopmi-parity-20260930/mobile/test/help_navigation_test.dart: help footer opens legal pages and returns without losing topic: donor
01:27 +272: C:/Users/betoq/AppData/Local/Temp/dopmi-parity-20260930/mobile/test/help_navigation_test.dart: help footer opens legal pages and returns without losing topic: donor
01:27 +273: C:/Users/betoq/AppData/Local/Temp/dopmi-parity-20260930/mobile/test/help_navigation_test.dart: help footer opens legal pages and returns without losing topic: donor
01:27 +274: C:/Users/betoq/AppData/Local/Temp/dopmi-parity-20260930/mobile/test/help_navigation_test.dart: help footer opens legal pages and returns without losing topic: donor
01:27 +275: C:/Users/betoq/AppData/Local/Temp/dopmi-parity-20260930/mobile/test/help_navigation_test.dart: help footer opens legal pages and returns without losing topic: donor
01:27 +276: C:/Users/betoq/AppData/Local/Temp/dopmi-parity-20260930/mobile/test/help_navigation_test.dart: help footer opens legal pages and returns without losing topic: donor
01:27 +277: C:/Users/betoq/AppData/Local/Temp/dopmi-parity-20260930/mobile/test/help_navigation_test.dart: help footer opens legal pages and returns without losing topic: donor
01:27 +278: C:/Users/betoq/AppData/Local/Temp/dopmi-parity-20260930/mobile/test/help_navigation_test.dart: help footer opens legal pages and returns without losing topic: donor
01:27 +279: C:/Users/betoq/AppData/Local/Temp/dopmi-parity-20260930/mobile/test/help_navigation_test.dart: help footer opens legal pages and returns without losing topic: donor
01:27 +280: C:/Users/betoq/AppData/Local/Temp/dopmi-parity-20260930/mobile/test/help_navigation_test.dart: help footer opens legal pages and returns without losing topic: donor
01:27 +281: C:/Users/betoq/AppData/Local/Temp/dopmi-parity-20260930/mobile/test/help_navigation_test.dart: help footer opens legal pages and returns without losing topic: donor
01:27 +282: C:/Users/betoq/AppData/Local/Temp/dopmi-parity-20260930/mobile/test/help_navigation_test.dart: help footer opens legal pages and returns without losing topic: donor
01:27 +283: C:/Users/betoq/AppData/Local/Temp/dopmi-parity-20260930/mobile/test/help_navigation_test.dart: help footer opens legal pages and returns without losing topic: donor
01:27 +284: C:/Users/betoq/AppData/Local/Temp/dopmi-parity-20260930/mobile/test/help_navigation_test.dart: help footer opens legal pages and returns without losing topic: donor
01:27 +285: C:/Users/betoq/AppData/Local/Temp/dopmi-parity-20260930/mobile/test/help_navigation_test.dart: help footer opens legal pages and returns without losing topic: donor
01:28 +286: C:/Users/betoq/AppData/Local/Temp/dopmi-parity-20260930/mobile/test/help_navigation_test.dart: help footer opens legal pages and returns without losing topic: donor
01:28 +287: C:/Users/betoq/AppData/Local/Temp/dopmi-parity-20260930/mobile/test/help_navigation_test.dart: help footer opens legal pages and returns without losing topic: donor
01:28 +288: C:/Users/betoq/AppData/Local/Temp/dopmi-parity-20260930/mobile/test/help_navigation_test.dart: help footer opens legal pages and returns without losing topic: donor
01:28 +289: C:/Users/betoq/AppData/Local/Temp/dopmi-parity-20260930/mobile/test/help_navigation_test.dart: help footer opens legal pages and returns without losing topic: donor
01:28 +290: C:/Users/betoq/AppData/Local/Temp/dopmi-parity-20260930/mobile/test/help_navigation_test.dart: help footer opens legal pages and returns without losing topic: donor
01:28 +291: C:/Users/betoq/AppData/Local/Temp/dopmi-parity-20260930/mobile/test/guardian_test.dart: requested cancellation does not unlock independent card actions
01:28 +292: C:/Users/betoq/AppData/Local/Temp/dopmi-parity-20260930/mobile/test/help_navigation_test.dart: help footer opens legal pages and returns without losing topic: rescuer
01:29 +293: C:/Users/betoq/AppData/Local/Temp/dopmi-parity-20260930/mobile/test/help_navigation_test.dart: help footer opens legal pages and returns without losing topic: rescuer
01:29 +294: C:/Users/betoq/AppData/Local/Temp/dopmi-parity-20260930/mobile/test/help_navigation_test.dart: help footer opens legal pages and returns without losing topic: rescuer
01:29 +295: C:/Users/betoq/AppData/Local/Temp/dopmi-parity-20260930/mobile/test/help_navigation_test.dart: help footer opens legal pages and returns without losing topic: rescuer
01:29 +296: C:/Users/betoq/AppData/Local/Temp/dopmi-parity-20260930/mobile/test/help_support_dialog_test.dart: photo preview is local and retry reuses its uploaded path
01:29 +297: C:/Users/betoq/AppData/Local/Temp/dopmi-parity-20260930/mobile/test/help_support_dialog_test.dart: photo preview is local and retry reuses its uploaded path
01:30 +298: C:/Users/betoq/AppData/Local/Temp/dopmi-parity-20260930/mobile/test/help_support_dialog_test.dart: photo preview is local and retry reuses its uploaded path
01:30 +299: C:/Users/betoq/AppData/Local/Temp/dopmi-parity-20260930/mobile/test/help_support_dialog_test.dart: photo preview is local and retry reuses its uploaded path
01:30 +300: C:/Users/betoq/AppData/Local/Temp/dopmi-parity-20260930/mobile/test/help_support_dialog_test.dart: photo preview is local and retry reuses its uploaded path
01:30 +301: C:/Users/betoq/AppData/Local/Temp/dopmi-parity-20260930/mobile/test/help_support_dialog_test.dart: photo preview is local and retry reuses its uploaded path
01:30 +302: C:/Users/betoq/AppData/Local/Temp/dopmi-parity-20260930/mobile/test/help_support_dialog_test.dart: photo preview is local and retry reuses its uploaded path
01:30 +303: C:/Users/betoq/AppData/Local/Temp/dopmi-parity-20260930/mobile/test/help_support_dialog_test.dart: photo preview is local and retry reuses its uploaded path
01:30 +304: C:/Users/betoq/AppData/Local/Temp/dopmi-parity-20260930/mobile/test/help_support_dialog_test.dart: photo preview is local and retry reuses its uploaded path
01:30 +305: C:/Users/betoq/AppData/Local/Temp/dopmi-parity-20260930/mobile/test/help_support_dialog_test.dart: photo preview is local and retry reuses its uploaded path
01:30 +306: C:/Users/betoq/AppData/Local/Temp/dopmi-parity-20260930/mobile/test/help_support_dialog_test.dart: photo preview is local and retry reuses its uploaded path
01:30 +307: C:/Users/betoq/AppData/Local/Temp/dopmi-parity-20260930/mobile/test/help_support_dialog_test.dart: photo preview is local and retry reuses its uploaded path
01:30 +308: C:/Users/betoq/AppData/Local/Temp/dopmi-parity-20260930/mobile/test/help_support_dialog_test.dart: photo preview is local and retry reuses its uploaded path
01:31 +309: C:/Users/betoq/AppData/Local/Temp/dopmi-parity-20260930/mobile/test/help_support_dialog_test.dart: photo preview is local and retry reuses its uploaded path
01:31 +310: C:/Users/betoq/AppData/Local/Temp/dopmi-parity-20260930/mobile/test/help_support_dialog_test.dart: photo preview is local and retry reuses its uploaded path
01:31 +311: C:/Users/betoq/AppData/Local/Temp/dopmi-parity-20260930/mobile/test/help_support_dialog_test.dart: photo preview is local and retry reuses its uploaded path
01:31 +312: C:/Users/betoq/AppData/Local/Temp/dopmi-parity-20260930/mobile/test/help_support_dialog_test.dart: photo preview is local and retry reuses its uploaded path
01:32 +313: C:/Users/betoq/AppData/Local/Temp/dopmi-parity-20260930/mobile/test/help_support_dialog_test.dart: photo preview is local and retry reuses its uploaded path
01:32 +314: C:/Users/betoq/AppData/Local/Temp/dopmi-parity-20260930/mobile/test/help_support_dialog_test.dart: photo preview is local and retry reuses its uploaded path
01:32 +315: C:/Users/betoq/AppData/Local/Temp/dopmi-parity-20260930/mobile/test/help_support_dialog_test.dart: photo preview is local and retry reuses its uploaded path
01:32 +316: C:/Users/betoq/AppData/Local/Temp/dopmi-parity-20260930/mobile/test/help_support_dialog_test.dart: photo preview is local and retry reuses its uploaded path
01:32 +317: C:/Users/betoq/AppData/Local/Temp/dopmi-parity-20260930/mobile/test/help_support_dialog_test.dart: photo preview is local and retry reuses its uploaded path
01:32 +318: C:/Users/betoq/AppData/Local/Temp/dopmi-parity-20260930/mobile/test/help_support_dialog_test.dart: photo preview is local and retry reuses its uploaded path
01:32 +319: C:/Users/betoq/AppData/Local/Temp/dopmi-parity-20260930/mobile/test/help_support_dialog_test.dart: photo preview is local and retry reuses its uploaded path
01:32 +320: C:/Users/betoq/AppData/Local/Temp/dopmi-parity-20260930/mobile/test/guardian_test.dart: historical applied default does not announce fresh success
01:32 +321: C:/Users/betoq/AppData/Local/Temp/dopmi-parity-20260930/mobile/test/identity_widgets_test.dart: reference auth /login retains private password fields
01:33 +322: C:/Users/betoq/AppData/Local/Temp/dopmi-parity-20260930/mobile/test/identity_widgets_test.dart: reference auth /login retains private password fields
01:33 +323: C:/Users/betoq/AppData/Local/Temp/dopmi-parity-20260930/mobile/test/identity_widgets_test.dart: reference auth /login retains private password fields
01:33 +324: C:/Users/betoq/AppData/Local/Temp/dopmi-parity-20260930/mobile/test/identity_widgets_test.dart: reference auth /login retains private password fields
01:34 +325: C:/Users/betoq/AppData/Local/Temp/dopmi-parity-20260930/mobile/test/identity_widgets_test.dart: reference auth /login retains private password fields
01:34 +326: C:/Users/betoq/AppData/Local/Temp/dopmi-parity-20260930/mobile/test/identity_widgets_test.dart: reference auth /login retains private password fields
01:34 +327: C:/Users/betoq/AppData/Local/Temp/dopmi-parity-20260930/mobile/test/identity_widgets_test.dart: reference auth /login retains private password fields
01:34 +328: C:/Users/betoq/AppData/Local/Temp/dopmi-parity-20260930/mobile/test/identity_widgets_test.dart: reference auth /login retains private password fields
01:34 +329: C:/Users/betoq/AppData/Local/Temp/dopmi-parity-20260930/mobile/test/identity_widgets_test.dart: reference auth /login retains private password fields
01:34 +330: C:/Users/betoq/AppData/Local/Temp/dopmi-parity-20260930/mobile/test/identity_widgets_test.dart: reference auth /login retains private password fields
01:34 +331: C:/Users/betoq/AppData/Local/Temp/dopmi-parity-20260930/mobile/test/identity_widgets_test.dart: reference auth /login retains private password fields
01:34 +332: C:/Users/betoq/AppData/Local/Temp/dopmi-parity-20260930/mobile/test/identity_widgets_test.dart: reference auth /login retains private password fields
01:34 +333: C:/Users/betoq/AppData/Local/Temp/dopmi-parity-20260930/mobile/test/identity_widgets_test.dart: reference auth /login retains private password fields
01:34 +334: C:/Users/betoq/AppData/Local/Temp/dopmi-parity-20260930/mobile/test/identity_widgets_test.dart: reference auth /login retains private password fields
01:34 +335: C:/Users/betoq/AppData/Local/Temp/dopmi-parity-20260930/mobile/test/identity_widgets_test.dart: reference auth /login retains private password fields
01:35 +336: C:/Users/betoq/AppData/Local/Temp/dopmi-parity-20260930/mobile/test/identity_widgets_test.dart: reference auth /login retains private password fields
01:35 +337: C:/Users/betoq/AppData/Local/Temp/dopmi-parity-20260930/mobile/test/identity_widgets_test.dart: reference auth /login retains private password fields
01:35 +338: C:/Users/betoq/AppData/Local/Temp/dopmi-parity-20260930/mobile/test/identity_widgets_test.dart: reference auth /login retains private password fields
01:35 +339: C:/Users/betoq/AppData/Local/Temp/dopmi-parity-20260930/mobile/test/identity_widgets_test.dart: reference auth /login retains private password fields
01:35 +340: C:/Users/betoq/AppData/Local/Temp/dopmi-parity-20260930/mobile/test/identity_widgets_test.dart: reference auth /login retains private password fields
01:35 +341: C:/Users/betoq/AppData/Local/Temp/dopmi-parity-20260930/mobile/test/identity_widgets_test.dart: reference auth /login retains private password fields
01:35 +342: C:/Users/betoq/AppData/Local/Temp/dopmi-parity-20260930/mobile/test/identity_widgets_test.dart: reference auth /login retains private password fields
01:35 +343: C:/Users/betoq/AppData/Local/Temp/dopmi-parity-20260930/mobile/test/identity_widgets_test.dart: reference auth /login retains private password fields
01:35 +344: C:/Users/betoq/AppData/Local/Temp/dopmi-parity-20260930/mobile/test/identity_widgets_test.dart: reference auth /login retains private password fields
01:35 +345: C:/Users/betoq/AppData/Local/Temp/dopmi-parity-20260930/mobile/test/identity_widgets_test.dart: reference auth /login retains private password fields
01:36 +346: C:/Users/betoq/AppData/Local/Temp/dopmi-parity-20260930/mobile/test/identity_widgets_test.dart: reference auth /login retains private password fields
01:36 +347: C:/Users/betoq/AppData/Local/Temp/dopmi-parity-20260930/mobile/test/identity_widgets_test.dart: reference auth /login retains private password fields
01:36 +348: C:/Users/betoq/AppData/Local/Temp/dopmi-parity-20260930/mobile/test/impact_screen_test.dart: Impact attribution comes from the current public case owner
01:36 +349: C:/Users/betoq/AppData/Local/Temp/dopmi-parity-20260930/mobile/test/impact_screen_test.dart: Impact attribution comes from the current public case owner
01:37 +350: C:/Users/betoq/AppData/Local/Temp/dopmi-parity-20260930/mobile/test/impact_screen_test.dart: Impact attribution comes from the current public case owner
01:37 +351: C:/Users/betoq/AppData/Local/Temp/dopmi-parity-20260930/mobile/test/impact_screen_test.dart: Impact attribution comes from the current public case owner
01:38 +352: C:/Users/betoq/AppData/Local/Temp/dopmi-parity-20260930/mobile/test/impact_screen_test.dart: Impact attribution comes from the current public case owner
01:38 +353: C:/Users/betoq/AppData/Local/Temp/dopmi-parity-20260930/mobile/test/identity_widgets_test.dart: signup consent target and legal reading preserve draft
01:38 +354: C:/Users/betoq/AppData/Local/Temp/dopmi-parity-20260930/mobile/test/impact_share_press_test.dart: Impact share keeps its surface stable and activates on release: scale=1.0 platform=TargetPlatform.android
01:38 +355: C:/Users/betoq/AppData/Local/Temp/dopmi-parity-20260930/mobile/test/impact_share_press_test.dart: Impact share keeps its surface stable and activates on release: scale=1.0 platform=TargetPlatform.android
01:38 +356: C:/Users/betoq/AppData/Local/Temp/dopmi-parity-20260930/mobile/test/impact_share_press_test.dart: Impact share keeps its surface stable and activates on release: scale=1.0 platform=TargetPlatform.android
01:39 +357: C:/Users/betoq/AppData/Local/Temp/dopmi-parity-20260930/mobile/test/impact_share_press_test.dart: Impact share keeps its surface stable and activates on release: scale=1.0 platform=TargetPlatform.android
01:39 +358: C:/Users/betoq/AppData/Local/Temp/dopmi-parity-20260930/mobile/test/impact_screen_test.dart: A late public author cannot restore the previous account impact
01:39 +359: C:/Users/betoq/AppData/Local/Temp/dopmi-parity-20260930/mobile/test/identity_widgets_test.dart: onboarding passes the rescuer intent and registration requires consent
01:39 +360: C:/Users/betoq/AppData/Local/Temp/dopmi-parity-20260930/mobile/test/identity_widgets_test.dart: onboarding passes the rescuer intent and registration requires consent
01:39 +361: C:/Users/betoq/AppData/Local/Temp/dopmi-parity-20260930/mobile/test/identity_widgets_test.dart: onboarding passes the rescuer intent and registration requires consent
01:39 +362: C:/Users/betoq/AppData/Local/Temp/dopmi-parity-20260930/mobile/test/identity_widgets_test.dart: onboarding passes the rescuer intent and registration requires consent
01:40 +363: C:/Users/betoq/AppData/Local/Temp/dopmi-parity-20260930/mobile/test/identity_widgets_test.dart: onboarding passes the rescuer intent and registration requires consent
01:40 +364: C:/Users/betoq/AppData/Local/Temp/dopmi-parity-20260930/mobile/test/identity_widgets_test.dart: onboarding passes the rescuer intent and registration requires consent
01:40 +365: C:/Users/betoq/AppData/Local/Temp/dopmi-parity-20260930/mobile/test/identity_widgets_test.dart: onboarding passes the rescuer intent and registration requires consent
01:40 +366: C:/Users/betoq/AppData/Local/Temp/dopmi-parity-20260930/mobile/test/identity_widgets_test.dart: onboarding passes the rescuer intent and registration requires consent
01:40 +367: C:/Users/betoq/AppData/Local/Temp/dopmi-parity-20260930/mobile/test/information_screens_test.dart: about pushes transparency and back restores about; direct back has a fallback
01:40 +368: C:/Users/betoq/AppData/Local/Temp/dopmi-parity-20260930/mobile/test/information_screens_test.dart: about pushes transparency and back restores about; direct back has a fallback
01:41 +369: C:/Users/betoq/AppData/Local/Temp/dopmi-parity-20260930/mobile/test/information_screens_test.dart: about pushes transparency and back restores about; direct back has a fallback
01:41 +370: C:/Users/betoq/AppData/Local/Temp/dopmi-parity-20260930/mobile/test/information_screens_test.dart: about pushes transparency and back restores about; direct back has a fallback
01:41 +371: C:/Users/betoq/AppData/Local/Temp/dopmi-parity-20260930/mobile/test/information_screens_test.dart: about pushes transparency and back restores about; direct back has a fallback
01:41 +372: C:/Users/betoq/AppData/Local/Temp/dopmi-parity-20260930/mobile/test/information_screens_test.dart: about pushes transparency and back restores about; direct back has a fallback
01:41 +373: C:/Users/betoq/AppData/Local/Temp/dopmi-parity-20260930/mobile/test/information_screens_test.dart: about pushes transparency and back restores about; direct back has a fallback
01:42 +374: C:/Users/betoq/AppData/Local/Temp/dopmi-parity-20260930/mobile/test/information_screens_test.dart: about pushes transparency and back restores about; direct back has a fallback
01:42 +375: C:/Users/betoq/AppData/Local/Temp/dopmi-parity-20260930/mobile/test/information_screens_test.dart: about pushes transparency and back restores about; direct back has a fallback
01:42 +376: C:/Users/betoq/AppData/Local/Temp/dopmi-parity-20260930/mobile/test/information_screens_test.dart: about pushes transparency and back restores about; direct back has a fallback
01:42 +377: C:/Users/betoq/AppData/Local/Temp/dopmi-parity-20260930/mobile/test/information_screens_test.dart: about pushes transparency and back restores about; direct back has a fallback
01:42 +378: C:/Users/betoq/AppData/Local/Temp/dopmi-parity-20260930/mobile/test/identity_widgets_test.dart: settings opens basic info without a rendering exception
01:43 +379: C:/Users/betoq/AppData/Local/Temp/dopmi-parity-20260930/mobile/test/information_screens_test.dart: contact opens a draft using operational address and reports launcher failure
01:43 +380: C:/Users/betoq/AppData/Local/Temp/dopmi-parity-20260930/mobile/test/identity_widgets_test.dart: privacy route exposes account deletion
01:43 +381: C:/Users/betoq/AppData/Local/Temp/dopmi-parity-20260930/mobile/test/identity_widgets_test.dart: privacy route exposes account deletion
01:43 +382: C:/Users/betoq/AppData/Local/Temp/dopmi-parity-20260930/mobile/test/identity_widgets_test.dart: privacy route exposes account deletion
01:43 +383: C:/Users/betoq/AppData/Local/Temp/dopmi-parity-20260930/mobile/test/identity_widgets_test.dart: privacy route exposes account deletion
01:43 +384: C:/Users/betoq/AppData/Local/Temp/dopmi-parity-20260930/mobile/test/identity_widgets_test.dart: privacy route exposes account deletion
01:43 +385: C:/Users/betoq/AppData/Local/Temp/dopmi-parity-20260930/mobile/test/identity_widgets_test.dart: privacy route exposes account deletion
01:43 +386: C:/Users/betoq/AppData/Local/Temp/dopmi-parity-20260930/mobile/test/identity_widgets_test.dart: privacy route exposes account deletion
01:43 +387: C:/Users/betoq/AppData/Local/Temp/dopmi-parity-20260930/mobile/test/identity_widgets_test.dart: privacy route exposes account deletion
01:43 +388: C:/Users/betoq/AppData/Local/Temp/dopmi-parity-20260930/mobile/test/identity_widgets_test.dart: privacy route exposes account deletion
01:43 +389: C:/Users/betoq/AppData/Local/Temp/dopmi-parity-20260930/mobile/test/information_screens_test.dart: transparency criteria can expand and collapse with large text
01:43 +390: C:/Users/betoq/AppData/Local/Temp/dopmi-parity-20260930/mobile/test/identity_widgets_test.dart: an outdated social profile must accept age and current terms
01:44 +391: C:/Users/betoq/AppData/Local/Temp/dopmi-parity-20260930/mobile/test/identity_widgets_test.dart: an outdated social profile must accept age and current terms
01:44 +392: C:/Users/betoq/AppData/Local/Temp/dopmi-parity-20260930/mobile/test/media_test.dart: photo policies share normalization and never accept a PDF as a photo
01:44 +393: C:/Users/betoq/AppData/Local/Temp/dopmi-parity-20260930/mobile/test/identity_widgets_test.dart: restoring accepted consent never flashes the consent screen
01:44 +394: C:/Users/betoq/AppData/Local/Temp/dopmi-parity-20260930/mobile/test/identity_widgets_test.dart: restoring accepted consent never flashes the consent screen
01:44 +395: C:/Users/betoq/AppData/Local/Temp/dopmi-parity-20260930/mobile/test/identity_widgets_test.dart: profile load failure cannot bypass legal consent
01:44 +396: C:/Users/betoq/AppData/Local/Temp/dopmi-parity-20260930/mobile/test/identity_widgets_test.dart: signup exposes Google as an account creation method
01:44 +397: C:/Users/betoq/AppData/Local/Temp/dopmi-parity-20260930/mobile/test/identity_widgets_test.dart: form social icons dispatch one request and recover after provider failure
01:44 +398: C:/Users/betoq/AppData/Local/Temp/dopmi-parity-20260930/mobile/test/identity_widgets_test.dart: auth switch preserves rescuer intent and login input when returning
01:45 +399: C:/Users/betoq/AppData/Local/Temp/dopmi-parity-20260930/mobile/test/identity_widgets_test.dart: forgot link opens real recovery and back retains entered email
01:45 +400: C:/Users/betoq/AppData/Local/Temp/dopmi-parity-20260930/mobile/test/identity_widgets_test.dart: confirmation access follows Auth code without creating a session, email_not_confirmed
01:45 +401: C:/Users/betoq/AppData/Local/Temp/dopmi-parity-20260930/mobile/test/identity_widgets_test.dart: confirmation access follows Auth code without creating a session, invalid_credentials
01:45 +402: C:/Users/betoq/AppData/Local/Temp/dopmi-parity-20260930/mobile/test/native_identity_test.dart: unknown and disabled providers never launch authentication
01:45 +403: C:/Users/betoq/AppData/Local/Temp/dopmi-parity-20260930/mobile/test/native_identity_test.dart: unknown and disabled providers never launch authentication
01:46 +404: C:/Users/betoq/AppData/Local/Temp/dopmi-parity-20260930/mobile/test/native_identity_test.dart: unknown and disabled providers never launch authentication
01:46 +405: C:/Users/betoq/AppData/Local/Temp/dopmi-parity-20260930/mobile/test/match_thread_row_test.dart: thread thumbnail retries signing within its circular target and renders a decoded photo
01:46 +406: C:/Users/betoq/AppData/Local/Temp/dopmi-parity-20260930/mobile/test/match_thread_row_test.dart: thread thumbnail retries signing within its circular target and renders a decoded photo
01:46 +407: C:/Users/betoq/AppData/Local/Temp/dopmi-parity-20260930/mobile/test/match_thread_row_test.dart: thread thumbnail retries signing within its circular target and renders a decoded photo
01:47 +408: C:/Users/betoq/AppData/Local/Temp/dopmi-parity-20260930/mobile/test/native_wallet_buttons_test.dart: wallets at text scale 1.0 only activate available provider
01:47 +409: C:/Users/betoq/AppData/Local/Temp/dopmi-parity-20260930/mobile/test/native_wallet_buttons_test.dart: wallets at text scale 1.0 only activate available provider
01:47 +410: C:/Users/betoq/AppData/Local/Temp/dopmi-parity-20260930/mobile/test/native_wallet_buttons_test.dart: wallets at text scale 1.0 only activate available provider
01:48 +411: C:/Users/betoq/AppData/Local/Temp/dopmi-parity-20260930/mobile/test/native_wallet_buttons_test.dart: wallets at text scale 2.0 only activate available provider
01:49 +412: C:/Users/betoq/AppData/Local/Temp/dopmi-parity-20260930/mobile/test/native_wallet_intent_store_test.dart: owner recovery keeps stable minimal intent without SDK secrets
01:49 +413: C:/Users/betoq/AppData/Local/Temp/dopmi-parity-20260930/mobile/test/native_wallet_intent_store_test.dart: sheet cancellation and late or foreign receipts retain pending intent
01:49 +414: C:/Users/betoq/AppData/Local/Temp/dopmi-parity-20260930/mobile/test/native_wallet_intent_store_test.dart: corrupted saved intent is not silently replaced with a new authorization
01:50 +415: C:/Users/betoq/AppData/Local/Temp/dopmi-parity-20260930/mobile/test/native_wallet_repository_test.dart: apple_pay preserves authenticated intent and separates transient secret
01:50 +416: C:/Users/betoq/AppData/Local/Temp/dopmi-parity-20260930/mobile/test/native_wallet_repository_test.dart: google_pay preserves authenticated intent and separates transient secret
01:50 +417: C:/Users/betoq/AppData/Local/Temp/dopmi-parity-20260930/mobile/test/native_wallet_repository_test.dart: owner receipt rejects invented outcomes and does not retain secrets
01:52 +418: C:/Users/betoq/AppData/Local/Temp/dopmi-parity-20260930/mobile/test/native_wallet_screen_test.dart: wallet native cancel retains same intent and blocks card changes
01:53 +419: C:/Users/betoq/AppData/Local/Temp/dopmi-parity-20260930/mobile/test/native_wallet_screen_test.dart: wallet native cancel retains same intent and blocks card changes
01:53 +420: C:/Users/betoq/AppData/Local/Temp/dopmi-parity-20260930/mobile/test/native_wallet_screen_test.dart: wallet native cancel retains same intent and blocks card changes
01:53 +421: C:/Users/betoq/AppData/Local/Temp/dopmi-parity-20260930/mobile/test/native_wallet_screen_test.dart: wallet native cancel retains same intent and blocks card changes
01:53 +422: C:/Users/betoq/AppData/Local/Temp/dopmi-parity-20260930/mobile/test/native_wallet_screen_test.dart: wallet native cancel retains same intent and blocks card changes
01:53 +423: C:/Users/betoq/AppData/Local/Temp/dopmi-parity-20260930/mobile/test/native_wallet_screen_test.dart: wallet lost response retains same intent and blocks card changes
01:54 +424: C:/Users/betoq/AppData/Local/Temp/dopmi-parity-20260930/mobile/test/native_wallet_screen_test.dart: native return waits for server confirmation with the same intent
01:54 +425: C:/Users/betoq/AppData/Local/Temp/dopmi-parity-20260930/mobile/test/notifications_test.dart: compact time exposes the precise date without opening the notice
01:54 +426: C:/Users/betoq/AppData/Local/Temp/dopmi-parity-20260930/mobile/test/notifications_test.dart: compact time exposes the precise date without opening the notice
01:54 +427: C:/Users/betoq/AppData/Local/Temp/dopmi-parity-20260930/mobile/test/notifications_test.dart: compact time exposes the precise date without opening the notice
01:55 +428: C:/Users/betoq/AppData/Local/Temp/dopmi-parity-20260930/mobile/test/notifications_test.dart: compact time exposes the precise date without opening the notice
01:55 +429: C:/Users/betoq/AppData/Local/Temp/dopmi-parity-20260930/mobile/test/notifications_test.dart: notification time uses actual elapsed time and calendar days
01:55 +430: C:/Users/betoq/AppData/Local/Temp/dopmi-parity-20260930/mobile/test/notifications_test.dart: notification header keyboard returns to its fallback profile
01:55 +431: C:/Users/betoq/AppData/Local/Temp/dopmi-parity-20260930/mobile/test/notifications_test.dart: notification header keyboard returns to its fallback profile
01:55 +432: C:/Users/betoq/AppData/Local/Temp/dopmi-parity-20260930/mobile/test/notifications_test.dart: notification header keyboard returns to its fallback profile
01:55 +433: C:/Users/betoq/AppData/Local/Temp/dopmi-parity-20260930/mobile/test/notifications_test.dart: notification icon follows its real kind: message
01:55 +434: C:/Users/betoq/AppData/Local/Temp/dopmi-parity-20260930/mobile/test/notifications_test.dart: notification icon follows its real kind: rescue
01:55 +435: C:/Users/betoq/AppData/Local/Temp/dopmi-parity-20260930/mobile/test/notifications_test.dart: notification icon follows its real kind: review
01:55 +436: C:/Users/betoq/AppData/Local/Temp/dopmi-parity-20260930/mobile/test/notifications_test.dart: notifications paginate both ways at 200 percent
01:56 +437: C:/Users/betoq/AppData/Local/Temp/dopmi-parity-20260930/mobile/test/notifications_test.dart: notification read failure retries before real destination; large=false
01:56 +438: C:/Users/betoq/AppData/Local/Temp/dopmi-parity-20260930/mobile/test/onboarding_motion_test.dart: Onboarding entrance moves ten pixels and fades over 450ms
01:56 +439: C:/Users/betoq/AppData/Local/Temp/dopmi-parity-20260930/mobile/test/onboarding_motion_test.dart: Onboarding entrance moves ten pixels and fades over 450ms
01:56 +440: C:/Users/betoq/AppData/Local/Temp/dopmi-parity-20260930/mobile/test/onboarding_motion_test.dart: Welcome summary follows delayed motion, reduced=false
01:57 +441: C:/Users/betoq/AppData/Local/Temp/dopmi-parity-20260930/mobile/test/onboarding_motion_test.dart: Welcome summary follows delayed motion, reduced=true
01:57 +442: C:/Users/betoq/AppData/Local/Temp/dopmi-parity-20260930/mobile/test/onboarding_motion_test.dart: Welcome footer uses its own delays, reduced=false
01:57 +443: C:/Users/betoq/AppData/Local/Temp/dopmi-parity-20260930/mobile/test/onboarding_motion_test.dart: Welcome footer uses its own delays, reduced=true
01:57 +444: C:/Users/betoq/AppData/Local/Temp/dopmi-parity-20260930/mobile/test/onboarding_motion_test.dart: Welcome selection enters and Continue preserves intent, reduced=false
01:57 +445: C:/Users/betoq/AppData/Local/Temp/dopmi-parity-20260930/mobile/test/owned_cases_heading_test.dart: compact new case retains a full touch target; large=false
01:57 +446: C:/Users/betoq/AppData/Local/Temp/dopmi-parity-20260930/mobile/test/owned_cases_heading_test.dart: compact new case retains a full touch target; large=false
01:58 +447: C:/Users/betoq/AppData/Local/Temp/dopmi-parity-20260930/mobile/test/owned_cases_heading_test.dart: compact new case retains a full touch target; large=false
01:58 +448: C:/Users/betoq/AppData/Local/Temp/dopmi-parity-20260930/mobile/test/owned_cases_heading_test.dart: compact new case retains a full touch target; large=false
01:58 +449: C:/Users/betoq/AppData/Local/Temp/dopmi-parity-20260930/mobile/test/owned_cases_heading_test.dart: compact new case retains a full touch target; large=true
01:59 +450: C:/Users/betoq/AppData/Local/Temp/dopmi-parity-20260930/mobile/test/owned_case_card_gesture_test.dart: case card scroll does not open; tap loads owned draft; large=false
02:01 +451: C:/Users/betoq/AppData/Local/Temp/dopmi-parity-20260930/mobile/test/owned_case_card_gesture_test.dart: case card scroll does not open; tap loads owned draft; large=true
02:01 +452: C:/Users/betoq/AppData/Local/Temp/dopmi-parity-20260930/mobile/test/owned_case_detail_test.dart: owned summary matches measured reference content origin
02:02 +453: C:/Users/betoq/AppData/Local/Temp/dopmi-parity-20260930/mobile/test/owned_case_detail_test.dart: owned summary matches measured reference content origin
02:02 +454: C:/Users/betoq/AppData/Local/Temp/dopmi-parity-20260930/mobile/test/owned_case_detail_test.dart: owned summary matches measured reference content origin
02:02 +455: C:/Users/betoq/AppData/Local/Temp/dopmi-parity-20260930/mobile/test/owned_case_detail_test.dart: owned summary matches measured reference content origin
02:02 +456: C:/Users/betoq/AppData/Local/Temp/dopmi-parity-20260930/mobile/test/owned_case_card_gesture_test.dart: case card scroll does not open; tap loads owned approved; large=false
02:02 +457: C:/Users/betoq/AppData/Local/Temp/dopmi-parity-20260930/mobile/test/owned_case_history_test.dart: history heading stays visible through pending, error and retry
02:03 +458: C:/Users/betoq/AppData/Local/Temp/dopmi-parity-20260930/mobile/test/owned_case_history_test.dart: history heading stays visible through pending, error and retry
02:03 +459: C:/Users/betoq/AppData/Local/Temp/dopmi-parity-20260930/mobile/test/owned_case_history_test.dart: history heading stays visible through pending, error and retry
02:03 +460: C:/Users/betoq/AppData/Local/Temp/dopmi-parity-20260930/mobile/test/owned_case_history_test.dart: history heading stays visible through pending, error and retry
02:04 +461: C:/Users/betoq/AppData/Local/Temp/dopmi-parity-20260930/mobile/test/owned_case_detail_test.dart: owner case consultation returns to the same gallery; closed=false
02:04 +462: C:/Users/betoq/AppData/Local/Temp/dopmi-parity-20260930/mobile/test/owned_case_detail_test.dart: owner case consultation returns to the same gallery; closed=false
02:04 +463: C:/Users/betoq/AppData/Local/Temp/dopmi-parity-20260930/mobile/test/owned_case_detail_test.dart: owner case consultation returns to the same gallery; closed=false
02:04 +464: C:/Users/betoq/AppData/Local/Temp/dopmi-parity-20260930/mobile/test/owned_case_detail_test.dart: owner case consultation returns to the same gallery; closed=false
02:04 +465: C:/Users/betoq/AppData/Local/Temp/dopmi-parity-20260930/mobile/test/owned_case_detail_test.dart: owner case consultation returns to the same gallery; closed=false
02:04 +466: C:/Users/betoq/AppData/Local/Temp/dopmi-parity-20260930/mobile/test/owned_expense_card_test.dart: funding error retries and a reversal replaces server amounts
02:04 +467: C:/Users/betoq/AppData/Local/Temp/dopmi-parity-20260930/mobile/test/owned_expense_card_test.dart: funding error retries and a reversal replaces server amounts
02:05 +468: C:/Users/betoq/AppData/Local/Temp/dopmi-parity-20260930/mobile/test/owned_case_detail_test.dart: owner case consultation returns to the same gallery; closed=true
02:05 +469: C:/Users/betoq/AppData/Local/Temp/dopmi-parity-20260930/mobile/test/owned_case_detail_test.dart: owner case consultation returns to the same gallery; closed=true
02:05 +470: C:/Users/betoq/AppData/Local/Temp/dopmi-parity-20260930/mobile/test/password_field_test.dart: default password visibility toggles without losing input
02:05 +471: C:/Users/betoq/AppData/Local/Temp/dopmi-parity-20260930/mobile/test/password_field_test.dart: default password visibility toggles without losing input
02:05 +472: C:/Users/betoq/AppData/Local/Temp/dopmi-parity-20260930/mobile/test/password_field_test.dart: default password visibility toggles without losing input
02:06 +473: C:/Users/betoq/AppData/Local/Temp/dopmi-parity-20260930/mobile/test/payments_test.dart: enlarged checkout retains its target while pending and avoids a second attempt
02:08 +474: C:/Users/betoq/AppData/Local/Temp/dopmi-parity-20260930/mobile/test/payment_card_press_test.dart: Card action has no touch overlay and activates on release: remove=false scale=1.0 platform=TargetPlatform.android
02:08 +475: C:/Users/betoq/AppData/Local/Temp/dopmi-parity-20260930/mobile/test/payment_card_press_test.dart: Card action has no touch overlay and activates on release: remove=false scale=1.0 platform=TargetPlatform.android
02:08 +476: C:/Users/betoq/AppData/Local/Temp/dopmi-parity-20260930/mobile/test/payment_card_press_test.dart: Card action has no touch overlay and activates on release: remove=false scale=1.0 platform=TargetPlatform.android
02:08 +477: C:/Users/betoq/AppData/Local/Temp/dopmi-parity-20260930/mobile/test/payment_card_press_test.dart: Card action has no touch overlay and activates on release: remove=false scale=1.0 platform=TargetPlatform.android
02:08 +478: C:/Users/betoq/AppData/Local/Temp/dopmi-parity-20260930/mobile/test/payment_card_press_test.dart: Card action has no touch overlay and activates on release: remove=false scale=1.0 platform=TargetPlatform.android
02:08 +479: C:/Users/betoq/AppData/Local/Temp/dopmi-parity-20260930/mobile/test/payment_card_press_test.dart: Card action has no touch overlay and activates on release: remove=false scale=1.0 platform=TargetPlatform.android
02:09 +480: C:/Users/betoq/AppData/Local/Temp/dopmi-parity-20260930/mobile/test/payment_card_press_test.dart: Card action has no touch overlay and activates on release: remove=false scale=1.0 platform=TargetPlatform.android
02:09 +481: C:/Users/betoq/AppData/Local/Temp/dopmi-parity-20260930/mobile/test/payments_test.dart: result follows server evidence and limits actions: canceled
02:09 +482: C:/Users/betoq/AppData/Local/Temp/dopmi-parity-20260930/mobile/test/payments_test.dart: result follows server evidence and limits actions: canceled
02:09 +483: C:/Users/betoq/AppData/Local/Temp/dopmi-parity-20260930/mobile/test/payment_card_press_test.dart: Card action has no touch overlay and activates on release: remove=false scale=2.0 platform=TargetPlatform.android
02:09 +484: C:/Users/betoq/AppData/Local/Temp/dopmi-parity-20260930/mobile/test/payments_test.dart: result follows server evidence and limits actions: refunded
02:09 +485: C:/Users/betoq/AppData/Local/Temp/dopmi-parity-20260930/mobile/test/payment_card_press_test.dart: Card action has no touch overlay and activates on release: remove=true scale=2.0 platform=TargetPlatform.android
02:09 +486: C:/Users/betoq/AppData/Local/Temp/dopmi-parity-20260930/mobile/test/payment_case_resolution_test.dart: Resolves the public parent rather than using the expense as a case ID
02:09 +487: C:/Users/betoq/AppData/Local/Temp/dopmi-parity-20260930/mobile/test/payments_test.dart: old stored attempt resolves outside first history page without another checkout
02:09 +488: C:/Users/betoq/AppData/Local/Temp/dopmi-parity-20260930/mobile/test/payments_test.dart: old stored attempt resolves outside first history page without another checkout
02:09 +489: C:/Users/betoq/AppData/Local/Temp/dopmi-parity-20260930/mobile/test/payments_test.dart: old stored attempt resolves outside first history page without another checkout
02:09 +490: C:/Users/betoq/AppData/Local/Temp/dopmi-parity-20260930/mobile/test/payments_test.dart: old stored attempt resolves outside first history page without another checkout
02:09 +491: C:/Users/betoq/AppData/Local/Temp/dopmi-parity-20260930/mobile/test/payments_test.dart: old stored attempt resolves outside first history page without another checkout
02:09 +492: C:/Users/betoq/AppData/Local/Temp/dopmi-parity-20260930/mobile/test/payment_card_press_test.dart: Card action has no touch overlay and activates on release: remove=true scale=1.0 platform=TargetPlatform.iOS
02:10 +493: C:/Users/betoq/AppData/Local/Temp/dopmi-parity-20260930/mobile/test/payment_card_press_test.dart: Card action has no touch overlay and activates on release: remove=true scale=1.0 platform=TargetPlatform.iOS
02:10 +494: C:/Users/betoq/AppData/Local/Temp/dopmi-parity-20260930/mobile/test/payments_test.dart: lost response preserves amount and idempotency key for retry
02:10 +495: C:/Users/betoq/AppData/Local/Temp/dopmi-parity-20260930/mobile/test/payments_test.dart: lost response preserves amount and idempotency key for retry
02:10 +496: C:/Users/betoq/AppData/Local/Temp/dopmi-parity-20260930/mobile/test/payments_test.dart: lost response preserves amount and idempotency key for retry
02:10 +497: C:/Users/betoq/AppData/Local/Temp/dopmi-parity-20260930/mobile/test/payment_history_row_test.dart: Case action and financial detail have separate tap targets
02:11 +498: C:/Users/betoq/AppData/Local/Temp/dopmi-parity-20260930/mobile/test/payment_history_row_test.dart: Public case name and actual concept remain readable at scale 1.0
02:11 +499: C:/Users/betoq/AppData/Local/Temp/dopmi-parity-20260930/mobile/test/payment_history_row_test.dart: Public case name and actual concept remain readable at scale 2.0
02:11 +500: C:/Users/betoq/AppData/Local/Temp/dopmi-parity-20260930/mobile/test/payment_history_row_test.dart: Actual amount and status remain readable at scale 1.0
02:11 +501: C:/Users/betoq/AppData/Local/Temp/dopmi-parity-20260930/mobile/test/payment_history_row_test.dart: Actual amount and status remain readable at scale 2.0
02:11 +502: C:/Users/betoq/AppData/Local/Temp/dopmi-parity-20260930/mobile/test/payment_history_row_test.dart: Missing evidence does not invent an amount or payment method
02:12 +503: C:/Users/betoq/AppData/Local/Temp/dopmi-parity-20260930/mobile/test/payment_history_screen_test.dart: Combined history shows confirmed cycles before actual punctual payments and loads allocations only on demand
02:14 +504: C:/Users/betoq/AppData/Local/Temp/dopmi-parity-20260930/mobile/test/payment_methods_feedback_test.dart: feedback is immediate, overlays without overflow and expires at 2600ms: large=false
02:14 +505: C:/Users/betoq/AppData/Local/Temp/dopmi-parity-20260930/mobile/test/payment_methods_feedback_test.dart: feedback is immediate, overlays without overflow and expires at 2600ms: large=false
02:14 +506: C:/Users/betoq/AppData/Local/Temp/dopmi-parity-20260930/mobile/test/payment_history_screen_test.dart: History opens the public parent and back retains financial details
02:14 +507: C:/Users/betoq/AppData/Local/Temp/dopmi-parity-20260930/mobile/test/payment_history_screen_test.dart: History opens the public parent and back retains financial details
02:14 +508: C:/Users/betoq/AppData/Local/Temp/dopmi-parity-20260930/mobile/test/payment_history_screen_test.dart: History opens the public parent and back retains financial details
02:14 +509: C:/Users/betoq/AppData/Local/Temp/dopmi-parity-20260930/mobile/test/payment_history_screen_test.dart: History opens the public parent and back retains financial details
02:14 +510: C:/Users/betoq/AppData/Local/Temp/dopmi-parity-20260930/mobile/test/payment_history_screen_test.dart: History opens the public parent and back retains financial details
02:14 +511: C:/Users/betoq/AppData/Local/Temp/dopmi-parity-20260930/mobile/test/payment_history_screen_test.dart: History opens the public parent and back retains financial details
02:14 +512: C:/Users/betoq/AppData/Local/Temp/dopmi-parity-20260930/mobile/test/payment_history_screen_test.dart: History opens the public parent and back retains financial details
02:14 +513: C:/Users/betoq/AppData/Local/Temp/dopmi-parity-20260930/mobile/test/payment_history_screen_test.dart: Late case result after identity change cannot navigate
02:15 +514: C:/Users/betoq/AppData/Local/Temp/dopmi-parity-20260930/mobile/test/payment_history_screen_test.dart: Unavailable public case retains access to private payment evidence
02:15 +515: C:/Users/betoq/AppData/Local/Temp/dopmi-parity-20260930/mobile/test/payment_history_screen_test.dart: Public name unavailable keeps the real payment and receipt; error=false
02:15 +516: C:/Users/betoq/AppData/Local/Temp/dopmi-parity-20260930/mobile/test/payment_history_screen_test.dart: Public name unavailable keeps the real payment and receipt; error=true
02:15 +517: C:/Users/betoq/AppData/Local/Temp/dopmi-parity-20260930/mobile/test/payment_history_screen_test.dart: Disabled Guardian makes no cycle reads
02:15 +518: C:/Users/betoq/AppData/Local/Temp/dopmi-parity-20260930/mobile/test/payment_history_screen_test.dart: Late combined history does not reveal the prior actor cycle
02:16 +519: C:/Users/betoq/AppData/Local/Temp/dopmi-parity-20260930/mobile/test/profile_access_press_test.dart: profile access changes only its circle while held and opens on release
02:17 +520: C:/Users/betoq/AppData/Local/Temp/dopmi-parity-20260930/mobile/test/profile_access_press_test.dart: profile feature preserves dark surface while pressed and Source subtitle alpha
02:18 +521: C:/Users/betoq/AppData/Local/Temp/dopmi-parity-20260930/mobile/test/profile_experience_test.dart: real profile mode dialog appears immediately and cancels safely: outside
02:20 +522: C:/Users/betoq/AppData/Local/Temp/dopmi-parity-20260930/mobile/test/profile_experience_test.dart: real profile mode dialog appears immediately and cancels safely: back
02:20 +523: C:/Users/betoq/AppData/Local/Temp/dopmi-parity-20260930/mobile/test/profile_guardian_test.dart: unknown Guardian state cannot claim an inactive membership; retry recovers
02:21 +524: C:/Users/betoq/AppData/Local/Temp/dopmi-parity-20260930/mobile/test/profile_guardian_test.dart: unknown Guardian state cannot claim an inactive membership; retry recovers
02:21 +525: C:/Users/betoq/AppData/Local/Temp/dopmi-parity-20260930/mobile/test/profile_guardian_test.dart: unknown Guardian state cannot claim an inactive membership; retry recovers
02:21 +526: C:/Users/betoq/AppData/Local/Temp/dopmi-parity-20260930/mobile/test/profile_guardian_test.dart: unknown Guardian state cannot claim an inactive membership; retry recovers
02:22 +527: C:/Users/betoq/AppData/Local/Temp/dopmi-parity-20260930/mobile/test/profile_guardian_test.dart: unknown Guardian state cannot claim an inactive membership; retry recovers
02:22 +528: C:/Users/betoq/AppData/Local/Temp/dopmi-parity-20260930/mobile/test/profile_guardian_test.dart: unknown Guardian state cannot claim an inactive membership; retry recovers
02:23 +529: C:/Users/betoq/AppData/Local/Temp/dopmi-parity-20260930/mobile/test/profile_guardian_test.dart: unknown Guardian state cannot claim an inactive membership; retry recovers
02:23 +530: C:/Users/betoq/AppData/Local/Temp/dopmi-parity-20260930/mobile/test/profile_guardian_test.dart: unknown Guardian state cannot claim an inactive membership; retry recovers
02:23 +531: C:/Users/betoq/AppData/Local/Temp/dopmi-parity-20260930/mobile/test/profile_experience_test.dart: rescuer source switch returns to donor only after server success: false /profile
02:23 +532: C:/Users/betoq/AppData/Local/Temp/dopmi-parity-20260930/mobile/test/profile_guardian_test.dart: active Guardian opens impact and refreshes membership on return
02:24 +533: C:/Users/betoq/AppData/Local/Temp/dopmi-parity-20260930/mobile/test/profile_guardian_test.dart: active Guardian opens impact and refreshes membership on return
02:24 +534: C:/Users/betoq/AppData/Local/Temp/dopmi-parity-20260930/mobile/test/profile_experience_test.dart: rescuer source switch returns to donor only after server success: true /profile
02:24 +535: C:/Users/betoq/AppData/Local/Temp/dopmi-parity-20260930/mobile/test/profile_guardian_test.dart: rescuer confirmation is scrollable at 320px and 200% text
02:24 +536: C:/Users/betoq/AppData/Local/Temp/dopmi-parity-20260930/mobile/test/profile_experience_test.dart: rescuer source switch returns to donor only after server success: true /settings
02:24 +537: C:/Users/betoq/AppData/Local/Temp/dopmi-parity-20260930/mobile/test/profile_experience_test.dart: donor settings switch enters rescuer only after server success: false /settings
02:25 +538: C:/Users/betoq/AppData/Local/Temp/dopmi-parity-20260930/mobile/test/profile_experience_test.dart: donor settings switch enters rescuer only after server success: true /settings
02:25 +539: C:/Users/betoq/AppData/Local/Temp/dopmi-parity-20260930/mobile/test/profile_experience_test.dart: profile feature press cancels safely; reduced motion=false
02:25 +540: C:/Users/betoq/AppData/Local/Temp/dopmi-parity-20260930/mobile/test/profile_experience_test.dart: profile feature press cancels safely; reduced motion=true
02:25 +541: C:/Users/betoq/AppData/Local/Temp/dopmi-parity-20260930/mobile/test/profile_experience_test.dart: dedicated experience change preserves personal data; failure=false
02:25 +542: C:/Users/betoq/AppData/Local/Temp/dopmi-parity-20260930/mobile/test/profile_experience_test.dart: dedicated experience change preserves personal data; failure=true
02:26 +543: C:/Users/betoq/AppData/Local/Temp/dopmi-parity-20260930/mobile/test/profile_experience_test.dart: editing personal data cannot reset a newer experience preference
02:26 +544: C:/Users/betoq/AppData/Local/Temp/dopmi-parity-20260930/mobile/test/profile_experience_test.dart: account preserves access to the dedicated saved rescuers view
02:27 +545: C:/Users/betoq/AppData/Local/Temp/dopmi-parity-20260930/mobile/test/publication_choice_press_test.dart: Publication choice preserves press and cancels safely: selected=false scale=1.0 platform=TargetPlatform.android
02:27 +546: C:/Users/betoq/AppData/Local/Temp/dopmi-parity-20260930/mobile/test/publication_choice_press_test.dart: Publication choice preserves press and cancels safely: selected=false scale=1.0 platform=TargetPlatform.android
02:27 +547: C:/Users/betoq/AppData/Local/Temp/dopmi-parity-20260930/mobile/test/publication_choice_press_test.dart: Publication choice preserves press and cancels safely: selected=false scale=1.0 platform=TargetPlatform.android
02:28 +548: C:/Users/betoq/AppData/Local/Temp/dopmi-parity-20260930/mobile/test/publication_choice_press_test.dart: Publication choice preserves press and cancels safely: selected=true scale=1.0 platform=TargetPlatform.android
02:28 +549: C:/Users/betoq/AppData/Local/Temp/dopmi-parity-20260930/mobile/test/publication_choice_press_test.dart: Publication choice preserves press and cancels safely: selected=false scale=2.0 platform=TargetPlatform.android
02:28 +550: C:/Users/betoq/AppData/Local/Temp/dopmi-parity-20260930/mobile/test/publication_choice_press_test.dart: Publication choice preserves press and cancels safely: selected=true scale=2.0 platform=TargetPlatform.android
02:28 +551: C:/Users/betoq/AppData/Local/Temp/dopmi-parity-20260930/mobile/test/publication_choice_press_test.dart: Publication choice preserves press and cancels safely: selected=false scale=1.0 platform=TargetPlatform.iOS
02:28 +552: C:/Users/betoq/AppData/Local/Temp/dopmi-parity-20260930/mobile/test/publication_choice_press_test.dart: Publication choice preserves press and cancels safely: selected=true scale=1.0 platform=TargetPlatform.iOS
02:29 +553: C:/Users/betoq/AppData/Local/Temp/dopmi-parity-20260930/mobile/test/publication_choice_press_test.dart: Publication choice preserves press and cancels safely: selected=false scale=2.0 platform=TargetPlatform.iOS
02:29 +554: C:/Users/betoq/AppData/Local/Temp/dopmi-parity-20260930/mobile/test/publication_choice_press_test.dart: Publication choice preserves press and cancels safely: selected=true scale=2.0 platform=TargetPlatform.iOS
02:30 +555: C:/Users/betoq/AppData/Local/Temp/dopmi-parity-20260930/mobile/test/public_profile_avatar_recovery_test.dart: public avatar can retry and renews approved URL on resume
02:33 +556: C:/Users/betoq/AppData/Local/Temp/dopmi-parity-20260930/mobile/test/public_profile_case_card_test.dart: public case shows approved expense and opens real amount selector
02:35 +557: C:/Users/betoq/AppData/Local/Temp/dopmi-parity-20260930/mobile/test/publication_personality_test.dart: publication preserves old traits and saves selected new traits
02:35 +558: C:/Users/betoq/AppData/Local/Temp/dopmi-parity-20260930/mobile/test/publication_personality_test.dart: publication preserves old traits and saves selected new traits
02:37 +559: C:/Users/betoq/AppData/Local/Temp/dopmi-parity-20260930/mobile/test/publication_frame_test.dart: special care declaration reloads without invented details: scale=1.0
02:37 +560: C:/Users/betoq/AppData/Local/Temp/dopmi-parity-20260930/mobile/test/publication_frame_test.dart: special care declaration reloads without invented details: scale=1.0
02:37 +561: C:/Users/betoq/AppData/Local/Temp/dopmi-parity-20260930/mobile/test/publication_frame_test.dart: special care declaration reloads without invented details: scale=1.0
02:38 +562: C:/Users/betoq/AppData/Local/Temp/dopmi-parity-20260930/mobile/test/publication_frame_test.dart: special care declaration reloads without invented details: scale=1.0
02:38 +563: C:/Users/betoq/AppData/Local/Temp/dopmi-parity-20260930/mobile/test/publication_frame_test.dart: special care declaration reloads without invented details: scale=1.0
02:38 +564: C:/Users/betoq/AppData/Local/Temp/dopmi-parity-20260930/mobile/test/publication_frame_test.dart: special care declaration reloads without invented details: scale=1.0
02:38 +565: C:/Users/betoq/AppData/Local/Temp/dopmi-parity-20260930/mobile/test/public_profile_metrics_test.dart: public metrics preserve real cents and unknown counts at scale 1.0
02:38 +566: C:/Users/betoq/AppData/Local/Temp/dopmi-parity-20260930/mobile/test/public_profile_metrics_test.dart: public metrics preserve real cents and unknown counts at scale 1.0
02:39 +567: C:/Users/betoq/AppData/Local/Temp/dopmi-parity-20260930/mobile/test/publication_frame_test.dart: special care declaration reloads without invented details: scale=2.0
02:39 +568: C:/Users/betoq/AppData/Local/Temp/dopmi-parity-20260930/mobile/test/publication_frame_test.dart: special care declaration reloads without invented details: scale=2.0
02:39 +569: C:/Users/betoq/AppData/Local/Temp/dopmi-parity-20260930/mobile/test/publication_frame_test.dart: special care declaration reloads without invented details: scale=2.0
02:39 +570: C:/Users/betoq/AppData/Local/Temp/dopmi-parity-20260930/mobile/test/publication_frame_test.dart: special care declaration reloads without invented details: scale=2.0
02:39 +571: C:/Users/betoq/AppData/Local/Temp/dopmi-parity-20260930/mobile/test/public_profile_photo_draft_test.dart: public photo selection stays local until save and retry reuses upload
02:40 +572: C:/Users/betoq/AppData/Local/Temp/dopmi-parity-20260930/mobile/test/public_profile_photo_draft_test.dart: public photo selection stays local until save and retry reuses upload
02:41 +573: C:/Users/betoq/AppData/Local/Temp/dopmi-parity-20260930/mobile/test/public_profile_photo_draft_test.dart: public photo selection stays local until save and retry reuses upload
02:42 +574: C:/Users/betoq/AppData/Local/Temp/dopmi-parity-20260930/mobile/test/publish_choice_test.dart: receive routes through actual verification: approved
02:42 +575: C:/Users/betoq/AppData/Local/Temp/dopmi-parity-20260930/mobile/test/publication_frame_test.dart: health checkbox preserves yes no and unknown in the real draft
02:43 +576: C:/Users/betoq/AppData/Local/Temp/dopmi-parity-20260930/mobile/test/publication_frame_test.dart: health checkbox preserves yes no and unknown in the real draft
02:43 +577: C:/Users/betoq/AppData/Local/Temp/dopmi-parity-20260930/mobile/test/publication_frame_test.dart: health checkbox preserves yes no and unknown in the real draft
02:43 +578: C:/Users/betoq/AppData/Local/Temp/dopmi-parity-20260930/mobile/test/publish_choice_test.dart: receive routes through actual verification: not_started
02:43 +579: C:/Users/betoq/AppData/Local/Temp/dopmi-parity-20260930/mobile/test/publish_choice_test.dart: receive routes through actual verification: not_started
02:43 +580: C:/Users/betoq/AppData/Local/Temp/dopmi-parity-20260930/mobile/test/public_profile_photo_draft_test.dart: public photo response from previous owner is discarded
02:43 +581: C:/Users/betoq/AppData/Local/Temp/dopmi-parity-20260930/mobile/test/publication_frame_test.dart: review links preserve authored data and expose no editing when submitted
02:43 +582: C:/Users/betoq/AppData/Local/Temp/dopmi-parity-20260930/mobile/test/publication_frame_test.dart: review links preserve authored data and expose no editing when submitted
02:44 +583: C:/Users/betoq/AppData/Local/Temp/dopmi-parity-20260930/mobile/test/rescuer_logout_test.dart: rescuer configuration logs out only on service success: false
02:44 +584: C:/Users/betoq/AppData/Local/Temp/dopmi-parity-20260930/mobile/test/rescuer_logout_test.dart: rescuer configuration logs out only on service success: false
02:44 +585: C:/Users/betoq/AppData/Local/Temp/dopmi-parity-20260930/mobile/test/rescuer_logout_test.dart: rescuer configuration logs out only on service success: false
02:45 +586: C:/Users/betoq/AppData/Local/Temp/dopmi-parity-20260930/mobile/test/rescuer_logout_test.dart: rescuer configuration logs out only on service success: false
02:45 +587: C:/Users/betoq/AppData/Local/Temp/dopmi-parity-20260930/mobile/test/rescuer_mode_control_test.dart: mode control focuses its track and keeps the full touch target: false
02:45 +588: C:/Users/betoq/AppData/Local/Temp/dopmi-parity-20260930/mobile/test/rescuer_mode_control_test.dart: mode control focuses its track and keeps the full touch target: false
02:45 +589: C:/Users/betoq/AppData/Local/Temp/dopmi-parity-20260930/mobile/test/rescuer_mode_control_test.dart: mode control focuses its track and keeps the full touch target: false
02:45 +590: C:/Users/betoq/AppData/Local/Temp/dopmi-parity-20260930/mobile/test/rescuer_logout_test.dart: rescuer configuration logs out only on service success: true
02:45 +591: C:/Users/betoq/AppData/Local/Temp/dopmi-parity-20260930/mobile/test/publication_frame_test.dart: camera and gallery preserve a private draft at text scale 1.0
02:45 +592: C:/Users/betoq/AppData/Local/Temp/dopmi-parity-20260930/mobile/test/publication_frame_test.dart: camera and gallery preserve a private draft at text scale 1.0
02:45 +593: C:/Users/betoq/AppData/Local/Temp/dopmi-parity-20260930/mobile/test/publication_frame_test.dart: camera and gallery preserve a private draft at text scale 1.0
02:45 +594: C:/Users/betoq/AppData/Local/Temp/dopmi-parity-20260930/mobile/test/rescuer_mode_control_test.dart: mode thumb follows 180ms ease and reduced motion: true
02:45 +595: C:/Users/betoq/AppData/Local/Temp/dopmi-parity-20260930/mobile/test/publication_frame_test.dart: camera and gallery preserve a private draft at text scale 2.0
02:45 +596: C:/Users/betoq/AppData/Local/Temp/dopmi-parity-20260930/mobile/test/publication_frame_test.dart: keyboard at 320px and 200% keeps authored text and restores full footer
02:46 +597: C:/Users/betoq/AppData/Local/Temp/dopmi-parity-20260930/mobile/test/rescuer_pending_evidence_test.dart: pending evidence opens its draft and returns without saving: false
02:48 +598: C:/Users/betoq/AppData/Local/Temp/dopmi-parity-20260930/mobile/test/rescuer_profile_access_test.dart: navigation hover is immediate and keyboard focus opens help
02:49 +599: C:/Users/betoq/AppData/Local/Temp/dopmi-parity-20260930/mobile/test/rescuer_profile_access_test.dart: navigation hover is immediate and keyboard focus opens help
02:49 +600: C:/Users/betoq/AppData/Local/Temp/dopmi-parity-20260930/mobile/test/rescuer_profile_access_test.dart: profile access dispatches /settings at 320px and 200%
02:49 +601: C:/Users/betoq/AppData/Local/Temp/dopmi-parity-20260930/mobile/test/rescuer_profile_access_test.dart: profile access dispatches /my-cases at 320px and 200%
02:49 +602: C:/Users/betoq/AppData/Local/Temp/dopmi-parity-20260930/mobile/test/rescuer_profile_access_test.dart: profile access dispatches /messages at 320px and 200%
02:50 +603: C:/Users/betoq/AppData/Local/Temp/dopmi-parity-20260930/mobile/test/rescuer_profile_access_test.dart: profile access dispatches /help at 320px and 200%
02:50 +604: C:/Users/betoq/AppData/Local/Temp/dopmi-parity-20260930/mobile/test/rescuer_profile_access_test.dart: rescuer configuration keeps public profile publications and Connect destinations
02:51 +605: C:/Users/betoq/AppData/Local/Temp/dopmi-parity-20260930/mobile/test/rescuer_profile_activity_test.dart: settled Guardian activity displays net and opens its actual expense
02:52 +606: C:/Users/betoq/AppData/Local/Temp/dopmi-parity-20260930/mobile/test/rescuer_profile_hero_test.dart: edit keeps a 44px visible pill and a 48px target with keyboard focus
02:53 +607: C:/Users/betoq/AppData/Local/Temp/dopmi-parity-20260930/mobile/test/rescuer_profile_hero_test.dart: edit keeps a 44px visible pill and a 48px target with keyboard focus
02:53 +608: C:/Users/betoq/AppData/Local/Temp/dopmi-parity-20260930/mobile/test/rescuer_profile_activity_test.dart: activity shows actual allocation states and expense IDs; large=false
02:53 +609: C:/Users/betoq/AppData/Local/Temp/dopmi-parity-20260930/mobile/test/rescuer_profile_hero_test.dart: rescuer identity reflows and edits only with approved status: submitted
02:53 +610: C:/Users/betoq/AppData/Local/Temp/dopmi-parity-20260930/mobile/test/rescuer_profile_metrics_test.dart: profile uses owner totals and transfers; large=false
02:53 +611: C:/Users/betoq/AppData/Local/Temp/dopmi-parity-20260930/mobile/test/rescuer_profile_metrics_test.dart: profile uses owner totals and transfers; large=false
02:53 +612: C:/Users/betoq/AppData/Local/Temp/dopmi-parity-20260930/mobile/test/rescuer_profile_metrics_test.dart: profile uses owner totals and transfers; large=false
02:53 +613: C:/Users/betoq/AppData/Local/Temp/dopmi-parity-20260930/mobile/test/rescuer_profile_metrics_test.dart: profile uses owner totals and transfers; large=false
02:53 +614: C:/Users/betoq/AppData/Local/Temp/dopmi-parity-20260930/mobile/test/rescuer_profile_metrics_test.dart: profile uses owner totals and transfers; large=false
02:53 +615: C:/Users/betoq/AppData/Local/Temp/dopmi-parity-20260930/mobile/test/rescuer_profile_metrics_test.dart: profile uses owner totals and transfers; large=false
02:53 +616: C:/Users/betoq/AppData/Local/Temp/dopmi-parity-20260930/mobile/test/rescuer_profile_metrics_test.dart: profile uses owner totals and transfers; large=false
02:53 +617: C:/Users/betoq/AppData/Local/Temp/dopmi-parity-20260930/mobile/test/rescuer_profile_metrics_test.dart: profile uses owner totals and transfers; large=false
02:54 +618: C:/Users/betoq/AppData/Local/Temp/dopmi-parity-20260930/mobile/test/rescuer_profile_metrics_test.dart: profile uses owner totals and transfers; large=true
02:54 +619: C:/Users/betoq/AppData/Local/Temp/dopmi-parity-20260930/mobile/test/rescuer_profile_metrics_test.dart: missing totals are unavailable instead of fabricated zero
02:54 +620: C:/Users/betoq/AppData/Local/Temp/dopmi-parity-20260930/mobile/test/rescuer_profile_metrics_test.dart: metrics keyboard traversal preserves actions and touch targets
02:55 +621: C:/Users/betoq/AppData/Local/Temp/dopmi-parity-20260930/mobile/test/rescuer_profile_published_test.dart: owner contacts come from the current account and disappear on logout
02:57 +622: C:/Users/betoq/AppData/Local/Temp/dopmi-parity-20260930/mobile/test/rescuer_profile_refresh_test.dart: profile retains identity but discards approval and money on error then retries server status
02:58 +623: C:/Users/betoq/AppData/Local/Temp/dopmi-parity-20260930/mobile/test/rescuer_profile_refresh_test.dart: profile retains identity but discards approval and money on error then retries server status
02:58 +624: C:/Users/betoq/AppData/Local/Temp/dopmi-parity-20260930/mobile/test/rescuer_profile_refresh_test.dart: profile retains identity but discards approval and money on error then retries server status
02:58 +625: C:/Users/betoq/AppData/Local/Temp/dopmi-parity-20260930/mobile/test/rescuer_profile_refresh_test.dart: profile retains identity but discards approval and money on error then retries server status
02:58 +626: C:/Users/betoq/AppData/Local/Temp/dopmi-parity-20260930/mobile/test/rescuer_profile_refresh_test.dart: profile retains identity but discards approval and money on error then retries server status
02:59 +627: C:/Users/betoq/AppData/Local/Temp/dopmi-parity-20260930/mobile/test/rescuer_profile_test.dart: photo picker prevents duplicate taps and retains draft on cancellation and failure
03:01 +628: C:/Users/betoq/AppData/Local/Temp/dopmi-parity-20260930/mobile/test/rescuer_settings_details_test.dart: social modal preserves inside taps and dismisses without writes: outside
03:01 +629: C:/Users/betoq/AppData/Local/Temp/dopmi-parity-20260930/mobile/test/rescuer_settings_verification_test.dart: settings state remains truthful and accessible at 200 percent: not_started
03:01 +630: C:/Users/betoq/AppData/Local/Temp/dopmi-parity-20260930/mobile/test/rescuer_settings_verification_test.dart: settings state remains truthful and accessible at 200 percent: not_started
03:02 +631: C:/Users/betoq/AppData/Local/Temp/dopmi-parity-20260930/mobile/test/rescuer_settings_verification_test.dart: settings state remains truthful and accessible at 200 percent: not_started
03:02 +632: C:/Users/betoq/AppData/Local/Temp/dopmi-parity-20260930/mobile/test/rescuer_settings_details_test.dart: social modal preserves inside taps and dismisses without writes: close
03:02 +633: C:/Users/betoq/AppData/Local/Temp/dopmi-parity-20260930/mobile/test/rescuer_threads_test.dart: rescuer inbox retries a failed request without presenting a false empty state
03:02 +634: C:/Users/betoq/AppData/Local/Temp/dopmi-parity-20260930/mobile/test/rescuer_threads_test.dart: rescuer inbox retries a failed request without presenting a false empty state
03:02 +635: C:/Users/betoq/AppData/Local/Temp/dopmi-parity-20260930/mobile/test/rescuer_threads_test.dart: rescuer inbox retries a failed request without presenting a false empty state
03:02 +636: C:/Users/betoq/AppData/Local/Temp/dopmi-parity-20260930/mobile/test/rescuer_threads_test.dart: rescuer inbox retries a failed request without presenting a false empty state
03:02 +637: C:/Users/betoq/AppData/Local/Temp/dopmi-parity-20260930/mobile/test/rescuer_threads_test.dart: rescuer inbox retries a failed request without presenting a false empty state
03:02 +638: C:/Users/betoq/AppData/Local/Temp/dopmi-parity-20260930/mobile/test/rescuer_threads_test.dart: rescuer inbox retries a failed request without presenting a false empty state
03:02 +639: C:/Users/betoq/AppData/Local/Temp/dopmi-parity-20260930/mobile/test/rescuer_threads_test.dart: rescuer inbox retries a failed request without presenting a false empty state
03:02 +640: C:/Users/betoq/AppData/Local/Temp/dopmi-parity-20260930/mobile/test/rescuer_threads_test.dart: rescuer inbox retries a failed request without presenting a false empty state
03:03 +641: C:/Users/betoq/AppData/Local/Temp/dopmi-parity-20260930/mobile/test/rescuer_threads_test.dart: rescuer inbox retries a failed request without presenting a false empty state
03:03 +642: C:/Users/betoq/AppData/Local/Temp/dopmi-parity-20260930/mobile/test/rescuer_threads_test.dart: rescuer inbox retries a failed request without presenting a false empty state
03:03 +643: C:/Users/betoq/AppData/Local/Temp/dopmi-parity-20260930/mobile/test/rescuer_threads_test.dart: rescuer inbox retries a failed request without presenting a false empty state
03:03 +644: C:/Users/betoq/AppData/Local/Temp/dopmi-parity-20260930/mobile/test/rescuer_threads_test.dart: rescuer inbox retries a failed request without presenting a false empty state
03:04 +645: C:/Users/betoq/AppData/Local/Temp/dopmi-parity-20260930/mobile/test/rescuer_settings_details_test.dart: settings private social owner validation and real editor refresh: false
03:04 +646: C:/Users/betoq/AppData/Local/Temp/dopmi-parity-20260930/mobile/test/rescuer_settings_details_test.dart: settings private social owner validation and real editor refresh: false
03:04 +647: C:/Users/betoq/AppData/Local/Temp/dopmi-parity-20260930/mobile/test/rescuer_settings_details_test.dart: settings private social owner validation and real editor refresh: false
03:04 +648: C:/Users/betoq/AppData/Local/Temp/dopmi-parity-20260930/mobile/test/rescuer_threads_test.dart: rescuer inbox preserves unread, closed state and keyboard destination; large=false
03:05 +649: C:/Users/betoq/AppData/Local/Temp/dopmi-parity-20260930/mobile/test/rescuer_threads_test.dart: rescuer inbox preserves unread, closed state and keyboard destination; large=false
03:05 +650: C:/Users/betoq/AppData/Local/Temp/dopmi-parity-20260930/mobile/test/rescuer_settings_details_test.dart: settings private social owner validation and real editor refresh: true
03:05 +651: C:/Users/betoq/AppData/Local/Temp/dopmi-parity-20260930/mobile/test/rescuer_settings_details_test.dart: settings private social owner validation and real editor refresh: true
03:05 +652: C:/Users/betoq/AppData/Local/Temp/dopmi-parity-20260930/mobile/test/rescuer_settings_details_test.dart: settings private social owner validation and real editor refresh: true
03:05 +653: C:/Users/betoq/AppData/Local/Temp/dopmi-parity-20260930/mobile/test/rescuer_settings_details_test.dart: settings private social owner validation and real editor refresh: true
03:05 +654: C:/Users/betoq/AppData/Local/Temp/dopmi-parity-20260930/mobile/test/rescuer_settings_details_test.dart: settings private social owner validation and real editor refresh: true
03:05 +655: C:/Users/betoq/AppData/Local/Temp/dopmi-parity-20260930/mobile/test/rescuer_verification_card_test.dart: profile verification opens the real destination: approved
03:05 +656: C:/Users/betoq/AppData/Local/Temp/dopmi-parity-20260930/mobile/test/rescuer_verification_card_test.dart: profile verification opens the real destination: approved
03:06 +657: C:/Users/betoq/AppData/Local/Temp/dopmi-parity-20260930/mobile/test/rescue_file_test.dart: reload hides prior private image while access is pending: false
03:06 +658: C:/Users/betoq/AppData/Local/Temp/dopmi-parity-20260930/mobile/test/rescue_file_test.dart: reload hides prior private image while access is pending: false
03:07 +659: C:/Users/betoq/AppData/Local/Temp/dopmi-parity-20260930/mobile/test/rescue_file_test.dart: synchronous read failure can retry with a new signed URL: false
03:07 +660: C:/Users/betoq/AppData/Local/Temp/dopmi-parity-20260930/mobile/test/rescue_repository_test.dart: owned cases use paginated RPC and preserve financial data or denial: false
03:07 +661: C:/Users/betoq/AppData/Local/Temp/dopmi-parity-20260930/mobile/test/rescue_repository_test.dart: owned cases use paginated RPC and preserve financial data or denial: false
03:07 +662: C:/Users/betoq/AppData/Local/Temp/dopmi-parity-20260930/mobile/test/rescue_file_test.dart: reload hides prior private image while access is pending: true
03:07 +663: C:/Users/betoq/AppData/Local/Temp/dopmi-parity-20260930/mobile/test/rescue_file_test.dart: reload hides prior private image while access is pending: true
03:07 +664: C:/Users/betoq/AppData/Local/Temp/dopmi-parity-20260930/mobile/test/rescue_file_test.dart: synchronous read failure can retry with a new signed URL: true
03:07 +665: C:/Users/betoq/AppData/Local/Temp/dopmi-parity-20260930/mobile/test/rescue_file_test.dart: opening PDF rechecks access and launches the fresh URL: true
03:09 +666: C:/Users/betoq/AppData/Local/Temp/dopmi-parity-20260930/mobile/test/rescue_test.dart: case photo renews signing on resume and stops after disposal
03:09 +667: C:/Users/betoq/AppData/Local/Temp/dopmi-parity-20260930/mobile/test/rescue_test.dart: peso labels group thousands while preserving signed cent precision
03:09 +668: C:/Users/betoq/AppData/Local/Temp/dopmi-parity-20260930/mobile/test/rescue_test.dart: photo retry shows pending request; compact=false
03:10 +669: C:/Users/betoq/AppData/Local/Temp/dopmi-parity-20260930/mobile/test/rescue_test.dart: photo retry shows pending request; compact=true
03:10 +670: C:/Users/betoq/AppData/Local/Temp/dopmi-parity-20260930/mobile/test/rescue_test.dart: case titles handle absent or blank names without changing authored data
03:10 +671: C:/Users/betoq/AppData/Local/Temp/dopmi-parity-20260930/mobile/test/rescue_test.dart: owned case thumbnail retries a failed photo without overflow at large text
03:10 +672: C:/Users/betoq/AppData/Local/Temp/dopmi-parity-20260930/mobile/test/rescue_test.dart: complete public case loads all approved pages and fails as a whole
03:10 +673: C:/Users/betoq/AppData/Local/Temp/dopmi-parity-20260930/mobile/test/rescue_test.dart: money parsing preserves cent precision and rejects rounding or scientific notation
03:10 +674: C:/Users/betoq/AppData/Local/Temp/dopmi-parity-20260930/mobile/test/rescue_test.dart: pending support catalog preserves home; large=false
03:11 +675: C:/Users/betoq/AppData/Local/Temp/dopmi-parity-20260930/mobile/test/route_motion_test.dart: actual adopt introduction system back restores the previous slide and its entrance
03:11 +676: C:/Users/betoq/AppData/Local/Temp/dopmi-parity-20260930/mobile/test/route_motion_test.dart: actual adopt introduction system back restores the previous slide and its entrance
03:11 +677: C:/Users/betoq/AppData/Local/Temp/dopmi-parity-20260930/mobile/test/route_motion_test.dart: actual adopt introduction system back restores the previous slide and its entrance
03:11 +678: C:/Users/betoq/AppData/Local/Temp/dopmi-parity-20260930/mobile/test/route_motion_test.dart: actual adopt introduction system back restores the previous slide and its entrance
03:12 +679: C:/Users/betoq/AppData/Local/Temp/dopmi-parity-20260930/mobile/test/route_motion_test.dart: actual adopt introduction system back restores the previous slide and its entrance
03:12 +680: C:/Users/betoq/AppData/Local/Temp/dopmi-parity-20260930/mobile/test/route_motion_test.dart: actual adopt introduction system back restores the previous slide and its entrance
03:12 +681: C:/Users/betoq/AppData/Local/Temp/dopmi-parity-20260930/mobile/test/rescue_test.dart: rescuer draft keeps private fields after a save conflict
03:13 +682: C:/Users/betoq/AppData/Local/Temp/dopmi-parity-20260930/mobile/test/rescue_test.dart: rescuer draft keeps private fields after a save conflict
03:13 +683: C:/Users/betoq/AppData/Local/Temp/dopmi-parity-20260930/mobile/test/rescue_test.dart: rescuer draft keeps private fields after a save conflict
03:13 +684: C:/Users/betoq/AppData/Local/Temp/dopmi-parity-20260930/mobile/test/rescue_test.dart: rescuer draft keeps private fields after a save conflict
03:13 +685: C:/Users/betoq/AppData/Local/Temp/dopmi-parity-20260930/mobile/test/rescue_test.dart: rescuer draft keeps private fields after a save conflict
03:13 +686: C:/Users/betoq/AppData/Local/Temp/dopmi-parity-20260930/mobile/test/rescue_test.dart: rescuer draft keeps private fields after a save conflict
03:13 +687: C:/Users/betoq/AppData/Local/Temp/dopmi-parity-20260930/mobile/test/support_rail_gesture_test.dart: horizontal case drag does not open a case and back retains rail
03:13 +688: C:/Users/betoq/AppData/Local/Temp/dopmi-parity-20260930/mobile/test/support_rail_gesture_test.dart: horizontal case drag does not open a case and back retains rail
03:13 +689: C:/Users/betoq/AppData/Local/Temp/dopmi-parity-20260930/mobile/test/support_rail_gesture_test.dart: horizontal case drag does not open a case and back retains rail
03:14 +690: C:/Users/betoq/AppData/Local/Temp/dopmi-parity-20260930/mobile/test/support_rail_gesture_test.dart: horizontal case drag does not open a case and back retains rail
03:14 +691: C:/Users/betoq/AppData/Local/Temp/dopmi-parity-20260930/mobile/test/support_rail_gesture_test.dart: horizontal case drag does not open a case and back retains rail
03:14 +692: C:/Users/betoq/AppData/Local/Temp/dopmi-parity-20260930/mobile/test/support_rail_gesture_test.dart: horizontal case drag does not open a case and back retains rail
03:14 +693: C:/Users/betoq/AppData/Local/Temp/dopmi-parity-20260930/mobile/test/support_rail_gesture_test.dart: horizontal case drag does not open a case and back retains rail
03:15 +694: C:/Users/betoq/AppData/Local/Temp/dopmi-parity-20260930/mobile/test/support_rail_gesture_test.dart: horizontal case drag does not open a case and back retains rail
03:15 +695: C:/Users/betoq/AppData/Local/Temp/dopmi-parity-20260930/mobile/test/support_rail_gesture_test.dart: horizontal case drag does not open a case and back retains rail
03:15 +696: C:/Users/betoq/AppData/Local/Temp/dopmi-parity-20260930/mobile/test/support_rail_gesture_test.dart: horizontal case drag does not open a case and back retains rail
03:15 +697: C:/Users/betoq/AppData/Local/Temp/dopmi-parity-20260930/mobile/test/support_rail_gesture_test.dart: horizontal case drag does not open a case and back retains rail
03:15 +698: C:/Users/betoq/AppData/Local/Temp/dopmi-parity-20260930/mobile/test/support_rail_gesture_test.dart: horizontal case drag does not open a case and back retains rail
03:15 +699: C:/Users/betoq/AppData/Local/Temp/dopmi-parity-20260930/mobile/test/support_rail_gesture_test.dart: horizontal case drag does not open a case and back retains rail
03:15 +700: C:/Users/betoq/AppData/Local/Temp/dopmi-parity-20260930/mobile/test/support_rail_gesture_test.dart: horizontal case drag does not open a case and back retains rail
03:15 +701: C:/Users/betoq/AppData/Local/Temp/dopmi-parity-20260930/mobile/test/support_rail_gesture_test.dart: horizontal case drag does not open a case and back retains rail
03:15 +702: C:/Users/betoq/AppData/Local/Temp/dopmi-parity-20260930/mobile/test/support_rail_gesture_test.dart: horizontal case drag does not open a case and back retains rail
03:16 +703: C:/Users/betoq/AppData/Local/Temp/dopmi-parity-20260930/mobile/test/support_rail_gesture_test.dart: horizontal case drag does not open a case and back retains rail
03:16 +704: C:/Users/betoq/AppData/Local/Temp/dopmi-parity-20260930/mobile/test/support_rail_gesture_test.dart: horizontal case drag does not open a case and back retains rail
03:16 +705: C:/Users/betoq/AppData/Local/Temp/dopmi-parity-20260930/mobile/test/support_rail_gesture_test.dart: horizontal case drag does not open a case and back retains rail
03:17 +706: C:/Users/betoq/AppData/Local/Temp/dopmi-parity-20260930/mobile/test/support_rail_gesture_test.dart: horizontal case drag does not open a case and back retains rail
03:17 +707: C:/Users/betoq/AppData/Local/Temp/dopmi-parity-20260930/mobile/test/support_rail_gesture_test.dart: horizontal case drag does not open a case and back retains rail
03:17 +708: C:/Users/betoq/AppData/Local/Temp/dopmi-parity-20260930/mobile/test/support_rail_gesture_test.dart: horizontal case drag does not open a case and back retains rail
03:17 +709: C:/Users/betoq/AppData/Local/Temp/dopmi-parity-20260930/mobile/test/rescue_test.dart: public case exposes expenses beyond the first page without pagination controls
03:17 +710: C:/Users/betoq/AppData/Local/Temp/dopmi-parity-20260930/mobile/test/thread_search_test.dart: opening, clearing and closing thread search preserves the actual query flow; large=false
03:19 +711: C:/Users/betoq/AppData/Local/Temp/dopmi-parity-20260930/mobile/test/verification_actions_press_test.dart: Verification actions preserve press and cancel safely: section=Enviar a revisión scale=1.0 platform=TargetPlatform.android
03:19 +712: C:/Users/betoq/AppData/Local/Temp/dopmi-parity-20260930/mobile/test/thread_search_test.dart: opening, clearing and closing thread search preserves the actual query flow; large=true
03:19 +713: C:/Users/betoq/AppData/Local/Temp/dopmi-parity-20260930/mobile/test/thread_search_test.dart: opening, clearing and closing thread search preserves the actual query flow; large=true
03:20 +714: C:/Users/betoq/AppData/Local/Temp/dopmi-parity-20260930/mobile/test/thread_search_test.dart: opening, clearing and closing thread search preserves the actual query flow; large=true
03:20 +715: C:/Users/betoq/AppData/Local/Temp/dopmi-parity-20260930/mobile/test/thread_search_test.dart: opening, clearing and closing thread search preserves the actual query flow; large=true
03:20 +716: C:/Users/betoq/AppData/Local/Temp/dopmi-parity-20260930/mobile/test/thread_search_test.dart: opening, clearing and closing thread search preserves the actual query flow; large=true
03:20 +717: C:/Users/betoq/AppData/Local/Temp/dopmi-parity-20260930/mobile/test/thread_search_test.dart: opening, clearing and closing thread search preserves the actual query flow; large=true
03:20 +718: C:/Users/betoq/AppData/Local/Temp/dopmi-parity-20260930/mobile/test/thread_search_test.dart: opening, clearing and closing thread search preserves the actual query flow; large=true
03:20 +719: C:/Users/betoq/AppData/Local/Temp/dopmi-parity-20260930/mobile/test/verification_document_test.dart: document geometry and extended upload target: Identificación oficial/1.0
03:20 +720: C:/Users/betoq/AppData/Local/Temp/dopmi-parity-20260930/mobile/test/verification_document_test.dart: document geometry and extended upload target: Identificación oficial/1.0
03:21 +721: C:/Users/betoq/AppData/Local/Temp/dopmi-parity-20260930/mobile/test/verification_intro_press_test.dart: Verification intro preserves press and cancels safely: section=Continuar a verificación scale=1.0 platform=TargetPlatform.android
03:21 +722: C:/Users/betoq/AppData/Local/Temp/dopmi-parity-20260930/mobile/test/verification_intro_press_test.dart: Verification intro preserves press and cancels safely: section=Continuar a verificación scale=1.0 platform=TargetPlatform.android
03:21 +723: C:/Users/betoq/AppData/Local/Temp/dopmi-parity-20260930/mobile/test/verification_intro_press_test.dart: Verification intro preserves press and cancels safely: section=Continuar a verificación scale=1.0 platform=TargetPlatform.android
03:21 +724: C:/Users/betoq/AppData/Local/Temp/dopmi-parity-20260930/mobile/test/verification_intro_press_test.dart: Verification intro preserves press and cancels safely: section=Continuar a verificación scale=1.0 platform=TargetPlatform.android
03:23 +725: C:/Users/betoq/AppData/Local/Temp/dopmi-parity-20260930/mobile/test/verification_intro_test.dart: verification introduction returns to its origin and continues to real private documents at 200 percent
03:24 +726: C:/Users/betoq/AppData/Local/Temp/dopmi-parity-20260930/mobile/test/verification_intro_test.dart: verification introduction returns to its origin and continues to real private documents at 200 percent
03:24 +727: C:/Users/betoq/AppData/Local/Temp/dopmi-parity-20260930/mobile/test/verification_intro_test.dart: verification introduction returns to its origin and continues to real private documents at 200 percent
03:24 +728: C:/Users/betoq/AppData/Local/Temp/dopmi-parity-20260930/mobile/test/verification_intro_test.dart: verification introduction returns to its origin and continues to real private documents at 200 percent
03:24 +729: C:/Users/betoq/AppData/Local/Temp/dopmi-parity-20260930/mobile/test/verification_intro_test.dart: verification introduction returns to its origin and continues to real private documents at 200 percent
03:24 +730: C:/Users/betoq/AppData/Local/Temp/dopmi-parity-20260930/mobile/test/verification_intro_test.dart: verification introduction returns to its origin and continues to real private documents at 200 percent
03:24 +731: C:/Users/betoq/AppData/Local/Temp/dopmi-parity-20260930/mobile/test/verification_intro_test.dart: verification introduction returns to its origin and continues to real private documents at 200 percent
03:24 +732: C:/Users/betoq/AppData/Local/Temp/dopmi-parity-20260930/mobile/test/verification_intro_test.dart: verification introduction returns to its origin and continues to real private documents at 200 percent
03:25 +733: C:/Users/betoq/AppData/Local/Temp/dopmi-parity-20260930/mobile/test/verification_intro_test.dart: verification introduction returns to its origin and continues to real private documents at 200 percent
03:25 +734: C:/Users/betoq/AppData/Local/Temp/dopmi-parity-20260930/mobile/test/verification_intro_test.dart: verification introduction returns to its origin and continues to real private documents at 200 percent
03:25 +735: C:/Users/betoq/AppData/Local/Temp/dopmi-parity-20260930/mobile/test/verification_intro_test.dart: verification introduction returns to its origin and continues to real private documents at 200 percent
03:25 +736: C:/Users/betoq/AppData/Local/Temp/dopmi-parity-20260930/mobile/test/verification_intro_test.dart: verification introduction returns to its origin and continues to real private documents at 200 percent
03:27 +737: C:/Users/betoq/AppData/Local/Temp/dopmi-parity-20260930/mobile/test/verification_state_press_test.dart: Verification state actions preserve press and cancel safely: section=Publicar un caso scale=1.0 platform=TargetPlatform.android
03:28 +738: C:/Users/betoq/AppData/Local/Temp/dopmi-parity-20260930/mobile/test/verification_state_press_test.dart: Verification state actions preserve press and cancel safely: section=Publicar un caso scale=1.0 platform=TargetPlatform.android
03:28 +739: C:/Users/betoq/AppData/Local/Temp/dopmi-parity-20260930/mobile/test/verification_state_press_test.dart: Verification state actions preserve press and cancel safely: section=Publicar un caso scale=1.0 platform=TargetPlatform.android
03:28 +740: C:/Users/betoq/AppData/Local/Temp/dopmi-parity-20260930/mobile/test/verification_state_test.dart: review home action stays reachable at 200 percent and opens the real rescuer home
03:28 +741: C:/Users/betoq/AppData/Local/Temp/dopmi-parity-20260930/mobile/test/verification_state_test.dart: review home action stays reachable at 200 percent and opens the real rescuer home
03:28 +742: C:/Users/betoq/AppData/Local/Temp/dopmi-parity-20260930/mobile/test/verification_state_test.dart: review home action stays reachable at 200 percent and opens the real rescuer home
03:28 +743: C:/Users/betoq/AppData/Local/Temp/dopmi-parity-20260930/mobile/test/verification_state_test.dart: review home action stays reachable at 200 percent and opens the real rescuer home
03:28 +744: C:/Users/betoq/AppData/Local/Temp/dopmi-parity-20260930/mobile/test/verification_state_test.dart: review home action stays reachable at 200 percent and opens the real rescuer home
03:29 +745: C:/Users/betoq/AppData/Local/Temp/dopmi-parity-20260930/mobile/test/verification_state_test.dart: review home action stays reachable at 200 percent and opens the real rescuer home
03:29 +746: C:/Users/betoq/AppData/Local/Temp/dopmi-parity-20260930/mobile/test/verification_state_test.dart: review home action stays reachable at 200 percent and opens the real rescuer home
03:29 +747: C:/Users/betoq/AppData/Local/Temp/dopmi-parity-20260930/mobile/test/verification_state_test.dart: review home action stays reachable at 200 percent and opens the real rescuer home
03:30 +748: C:/Users/betoq/AppData/Local/Temp/dopmi-parity-20260930/mobile/test/verification_wait_test.dart: verification waits for real response: save/1.0
03:30 +749: C:/Users/betoq/AppData/Local/Temp/dopmi-parity-20260930/mobile/test/verification_wait_test.dart: verification waits for real response: save/1.0
03:31 +750: C:/Users/betoq/AppData/Local/Temp/dopmi-parity-20260930/mobile/test/verification_wait_test.dart: verification waits for real response: save/1.0
03:32 +751: C:/Users/betoq/AppData/Local/Temp/dopmi-parity-20260930/mobile/test/verification_wait_test.dart: verification waits for real response: save/1.0
03:32 +752: C:/Users/betoq/AppData/Local/Temp/dopmi-parity-20260930/mobile/test/wallet_press_test.dart: Wallet has no touch overlay and activates on release: provider=apple_pay scale=1.0 platform=TargetPlatform.android
03:32 +753: C:/Users/betoq/AppData/Local/Temp/dopmi-parity-20260930/mobile/test/wallet_press_test.dart: Wallet has no touch overlay and activates on release: provider=apple_pay scale=1.0 platform=TargetPlatform.android
03:32 +754: C:/Users/betoq/AppData/Local/Temp/dopmi-parity-20260930/mobile/test/wallet_press_test.dart: Wallet has no touch overlay and activates on release: provider=apple_pay scale=1.0 platform=TargetPlatform.android
03:33 +755: C:/Users/betoq/AppData/Local/Temp/dopmi-parity-20260930/mobile/test/verification_wait_test.dart: verification waits for real response: failed-save/1.0
03:33 +756: C:/Users/betoq/AppData/Local/Temp/dopmi-parity-20260930/mobile/test/verification_wait_test.dart: verification waits for real response: failed-save/1.0
03:33 +757: C:/Users/betoq/AppData/Local/Temp/dopmi-parity-20260930/mobile/test/verification_wait_test.dart: verification waits for real response: failed-save/1.0
03:33 +758: C:/Users/betoq/AppData/Local/Temp/dopmi-parity-20260930/mobile/test/verification_wait_test.dart: verification waits for real response: failed-save/1.0
03:33 +759: C:/Users/betoq/AppData/Local/Temp/dopmi-parity-20260930/mobile/test/verification_wait_test.dart: verification waits for real response: failed-save/1.0
03:33 +760: C:/Users/betoq/AppData/Local/Temp/dopmi-parity-20260930/mobile/test/wallet_press_test.dart: Wallet has no touch overlay and activates on release: provider=google_pay scale=1.0 platform=TargetPlatform.iOS
03:33 +761: C:/Users/betoq/AppData/Local/Temp/dopmi-parity-20260930/mobile/test/verification_wait_test.dart: verification waits for real response: save/2.0
03:33 +762: C:/Users/betoq/AppData/Local/Temp/dopmi-parity-20260930/mobile/test/verification_wait_test.dart: verification waits for real response: save/2.0
03:33 +763: C:/Users/betoq/AppData/Local/Temp/dopmi-parity-20260930/mobile/test/verification_wait_test.dart: verification waits for real response: save/2.0
03:33 +764: C:/Users/betoq/AppData/Local/Temp/dopmi-parity-20260930/mobile/test/verification_wait_test.dart: verification waits for real response: submit/2.0
03:34 +765: C:/Users/betoq/AppData/Local/Temp/dopmi-parity-20260930/mobile/test/verification_wait_test.dart: verification waits for real response: failed-save/2.0
03:34 +766: All tests passed!
